patient,category,dataset,slide,value
6520922,MF,train,H04-01233-1A,11.499034797073566
6885095,MF,train,H13-04946-1A,15.622148553571252
2337846,MF,train,H13-08867-1A,13.927699369391956
2337846,MF,train,H14-03433-1A,13.927699369391956
2337846,MF,train,H14-15391-1A,13.927699369391956
6430161,BID,train,H15-00031-1A,3.373105080329789
7321602,BID,train,H15-00032-1A,12.448113572869484
3428013,BID,train,H15-00094-1A,17.991092795037563
3587855,BID,train,H15-00175-1A,17.592739530633274
5325886,BID,train,H15-00189-1A,20.04732773074545
7417006,BID,train,H15-00248-1A,11.523925113904696
7417006,BID,train,H15-00248-2A,11.523925113904696
1352791,BID,train,H15-00321-1A,9.708367672545188
5995400,BID,train,H15-00441-1A,12.271855411044777
1398666,BID,train,H15-00673-1A,13.841180895350877
417849,BID,train,H15-00674-1A,0.7663969218217324
3404622,BID,train,H15-00692-1A,17.85817268354786
9053861,BID,train,H15-00700-1A,18.162062412953173
1428751,BID,train,H15-00717-1A,12.201463402135078
5382654,BID,train,H15-00888-1A,7.492321784695918
9158858,BID,train,H15-00896-1A,7.422884128715757
1588069,BID,train,H15-00984-1A,26.5694352549922
5160811,BID,train,H15-00985-1A,13.539719026594296
9440849,BID,train,H15-01085-1A,10.261236208180572
6258143,BID,train,H15-01558-1A,13.73893842802639
6748462,BID,train,H15-01718-1A,12.523417803135668
6748462,BID,train,H15-01718-2A,12.523417803135668
7449657,MF,train,H15-05066-1A,16.90905708862458
7449657,MF,train,H15-05066-2A,16.90905708862458
7449657,MF,train,H15-05066-3A,16.90905708862458
9450741,MF,train,H15-05367-1A,11.743217425199981
6394740,MF,train,H15-07216-1A,11.394487733120371
6394740,MF,train,H15-07216-2A,11.394487733120371
5472518,MF,train,H15-11278-1A,19.433357248861437
6474852,MF,train,H15-12170-WCL3949,11.023595564680049
3483335,MF,train,H15-14460-WCL3976-1A,18.55169688073357
6480529,MF,train,H15-15901-1A,19.99246349192334
7494134,MF,train,H16-01102-1A,11.242121431552777
2501532,MF,train,H16-03649-WCL4003,13.667875072121275
8507276,MF,train,H16-04679-1A,25.994377241387983
9503457,MF,train,H16-10276-1A,16.965137363018954
540467,MF,train,H16-11869-WCL4106,12.63931879785204
9542399,MF,train,H16-12642-1A,12.94135022600379
3568967,MF,train,H17-01661-1A,22.201594868796388
3571888,MF,train,H17-01680-1A,4.127638851623988
9585832,MF,train,H17-04931-2A,7.318361916615575
5587353,MF,train,H17-05752-2,2.025056698625045
6594209,MF,train,H17-07652-2A,13.500032204409251
7600867,MF,train,H17-09026-WCL4256,7.12868472069406
6602412,MF,train,H17-09361-1A,6.411992742060849
8408008,MF,train,H17-11876-1A,14.386390163131006
622925,MF,train,H17-13500-1,17.376904727540303
622925,MF,train,H17-13500-2,17.376904727540303
360165,MF,train,H17-13709-1A,20.802132043064564
6631057,MF,train,H17-15021-1A,16.00895806158689
8635649,MF,train,H18-00295-36-HE,14.65696390696616
8019471,MF,train,H18-02536-1A,14.254699472913071
2648163,MF,train,H18-02913-1A,13.80805738333562
1653469,MF,train,H18-03586-1A,8.199307288972223
8648524,MF,train,H18-03963-1A,23.982677630901502
1654362,MF,train,H18-05596-1A,23.266021172109042
1580464,BID,train,H18-06259-1A,7.999625106976051
9664648,MF,train,H18-07306-2,11.880198818775861
5920973,MF,train,H18-07652-1A,10.608277899567003
5671659,BID,train,H18-08120-1A,10.205300884335982
5671659,BID,train,H18-08120-2-2,10.205300884335982
5675061,MF,train,H18-08618-1A,15.066417232300886
1700077,MF,train,H18-15433-1A,16.47959177100196
1700077,MF,train,H18-15433-2A,16.47959177100196
2711389,MF,train,H18-16960-3,12.792868037062105
2711389,MF,train,H18-16960-6,12.792868037062105
7721663,MF,train,H19-01612-1A,10.869348387501917
1384576,MF,train,H19-02901-1A,22.059469508690853
3285782,BID,train,H19-04660-1A,6.263195787373288
3285782,BID,train,H19-04660-2-1-SSS,6.263195787373288
1654362,MF,train,H19-05129-1A,23.266021172109042
3209735,BID,train,H19-05306-1A,8.031542479488738
7738257,MF,train,H19-05473-1A,17.125346218207202
6642567,MF,train,H19-05765-1A,29.369622978315647
1995787,BID,train,H19-06351-1A,11.541754630623883
9734867,MF,train,H19-06442-1A,3.25706166795905
9724083,BID,train,H19-06538-1A,7.70234506746004
8103790,BID,train,H19-06743-1A,25.01087714458031
6751390,MF,train,H19-07954-WCL4690-10,22.985126507094172
6751390,MF,train,H19-07954-WCL4690-15,22.985126507094172
3012205,MF,train,H19-09033-1A,15.742753254365716
7919112,MF,train,H19-09314-1A,23.967555965043893
6755774,MF,train,H19-09376-1A,17.136190281813562
2757460,MF,train,H19-09718-1A,7.925672450959124
622925,MF,train,H19-10030-1A,17.376904727540303
622925,MF,train,H19-10030-2,17.376904727540303
1492098,BID,train,H19-10550-1A,20.175659751231766
7763643,MF,train,H19-10639-1A,13.179337997124334
5432538,BID,train,H19-11015-1A,11.442681179223944
5432538,BID,train,H19-11015-2A,11.442681179223944
5432538,BID,train,H19-11015-2-SSS,11.442681179223944
7762464,BID,train,H19-11085-1A,9.884290831734525
7045231,MF,train,H19-12057-1A,18.82586547266711
470418,BID,train,H19-12279-1-SSS,26.250029324619465
470418,BID,train,H19-12279-2-SS,26.250029324619465
9734867,MF,train,H19-12858-1A,3.25706166795905
776623,MF,train,H19-13145-1A,6.021210449489945
776623,MF,train,H19-13145-2,6.021210449489945
6751390,MF,train,H19-13722-1A,22.985126507094172
6751390,MF,train,H19-13722-2A,22.985126507094172
9779020,MF,train,H19-14036-1A,27.807407510980998
5784411,MF,train,H19-14603-1A,13.426084219153635
2337846,MF,train,H19-14737-1A,13.927699369391956
1785173,MF,train,H19-14899-1A,28.087021753079267
5787090,MF,train,H19-15249-1A,9.857273644579259
9789882,MF,train,H19-15866-1A,17.28892087667829
8790857,MF,train,H19-16293-1A,16.149311452964596
3306713,BID,train,H20-00120-1A,9.257643599528283
90324,MF,train,H20-00182-1A,16.15188589250006
2745661,BID,train,H20-00923-1A,10.187246222609891
7798724,MF,train,H20-01660-1A,18.217800385559272
2092955,MF,train,H20-01662-1A,14.545177762600556
2683948,BID,train,H20-01707-1A,17.121448356779535
8378698,BID,train,H20-02004-1A,14.201561531793047
8378698,BID,train,H20-02004-2-1-SSS,14.201561531793047
529871,BID,train,H20-02363-1A,17.347042361343203
529871,BID,train,H20-02363-2-SS,17.347042361343203
9194720,BID,train,H20-02822-1A,13.610373856160445
2809381,MF,train,H20-03494-WCL4854,0.9326781828647823
9811893,MF,train,H20-04097-1A,11.019964001230207
9811893,MF,train,H20-04097-2,11.019964001230207
792366,BID,train,H20-04393-1A,19.45599108394209
9816683,MF,train,H20-04442-2A,22.900657673724545
818629,MF,train,H20-04623-1A,20.140239210829968
818629,MF,train,H20-04623-2,20.140239210829968
3813293,MF,train,H20-05317-1A,14.822833529429948
7807001,MF,train,H20-05844-1A,15.231366811163655
818629,MF,train,H20-06002-1A,20.140239210829968
818629,MF,train,H20-06002-2,20.140239210829968
5792013,MF,train,H20-06133-1A,6.205601476660089
7688798,MF,train,H20-06410-1A,4.895259751120744
7834963,MF,train,H20-07898-1A,13.252384163465683
7834963,MF,train,H20-07898-2A,13.252384163465683
1518047,MF,train,H20-07924-2A,14.562516513714195
7057340,BID,train,H20-07988-2A,12.133777052641332
2836460,MF,train,H20-08708-1A,22.509225229096824
2836460,MF,train,H20-08708-2A,22.509225229096824
1839170,MF,train,H20-08981-1A,21.642988147151044
8839385,MF,train,H20-08994-1A,20.31850638171029
8839385,MF,train,H20-08994-2A,20.31850638171029
3274338,BID,train,H20-09038-1A,13.210431700371984
6838155,MF,train,H20-09528-1A,24.14853895013015
3813293,MF,train,H20-09530-1A,14.822833529429948
1842121,MF,train,H20-09531-1A,16.420767782434297
2039054,MF,train,H20-10073-1A,16.74763589348669
7773156,MF,train,H20-10076-1A,13.422804627352104
8834140,BID,train,H20-10115-1A,10.47597600124304
8834140,BID,train,H20-10115-2-SSS,10.47597600124304
6104489,MF,train,H20-11118-1A,3.798538127056507
4193869,BID,train,H20-11394-1A,5.4067824284226935
3851791,MF,train,H20-11397-1A,12.067493910200715
9262630,BID,train,H20-11774-1A,15.930999375162648
7353722,MF,train,H20-12695-1A,24.619580206884592
6840813,MF,train,H20-12696-1A,22.545303813034753
4118364,BID,train,H21-00064-2,14.663351138532397
4118364,BID,train,H21-00064-2-2-1-SSS,14.663351138532397
4118364,BID,train,H21-00064-2-4-1-SSS,14.663351138532397
4118364,BID,train,H21-00064-4,14.663351138532397
8899886,BID,train,H21-00155-1-SSS,20.80529907063434
8899886,BID,train,H21-00155-3-SSS,20.80529907063434
1224289,BID,train,H21-00221-1-SSS,20.348412077648735
1224289,BID,train,H21-00221-2-SSS,20.348412077648735
234241,BID,train,H21-00392-1-SSS,18.02712550495497
234241,BID,train,H21-00392-2-SSS,18.02712550495497
234241,BID,train,H21-00392-3-SSS,18.02712550495497
2858056,BID,train,H21-00443-1A,5.945261321342473
2846428,MF,train,H21-00713-1A,13.026820940169642
2846428,MF,train,H21-00713-2A,13.026820940169642
2846428,MF,train,H21-00713-3A,13.026820940169642
6481771,BID,train,H21-00952-1A,27.57369843055563
6798192,BID,train,H21-01171-1A,13.023559043292675
2866747,BID,train,H21-01212-1A,3.0676493963359297
9866917,BID,train,H21-01624-1A,24.564584983376285
3729287,MF,train,H21-01766-1A,11.518535649632435
6730606,BID,train,H21-01778-1A,16.031726227536538
9727976,BID,train,H21-01981-1A,3.8129781601309656
3536874,BID,train,H21-02112-1A,0.5762284379269804
6843163,BID,train,H21-02151-1A,19.32056357090228
5320367,BID,train,H21-02318-1-SSS,16.853527656988962
5320367,BID,train,H21-02318-2-SSS,16.853527656988962
8871944,MF,train,H21-02634-1A,19.731840052470286
456789,BID,train,H21-02805-1A,19.574874445974373
1302684,BID,train,H21-03400-1A,5.655816563407626
7877111,MF,train,H21-03500-1A,7.357420686205587
174915,BID,train,H21-03761-1A,27.22378759123893
5051696,BID,train,H21-03860-1-SSS,20.067080933278845
5051696,BID,train,H21-03860-2-SSS,20.067080933278845
2029083,BID,train,H21-04022-1A,8.041527435373533
7385974,BID,train,H21-04043-1A,9.410784804126454
9877117,MF,train,H21-04054-1A,14.621603139977594
2376924,BID,train,H21-04161-1A,25.609640695156738
9878294,MF,train,H21-04324-1A,15.581959623381245
9878294,MF,train,H21-04324-2a,15.581959623381245
2879204,MF,train,H21-04344-1A,23.116355988411975
6108913,BID,train,H21-04443-1A,4.916267054730253
3476124,BID,train,H21-04499-1A,13.00637198094241
2838967,BID,train,H21-04547-1A,5.013022124442599
880539,MF,train,H21-04641-1A,11.147040393924634
8880438,MF,train,H21-04654-1A,22.1622717071313
4080414,BID,train,H21-04707-1A,14.450312986178874
5820236,BID,train,H21-04729-1A,16.293064004358495
2883259,BID,train,H21-04997-1-2-SSS,7.589478543760308
2883259,BID,train,H21-04997-1-SSS,7.589478543760308
2883259,BID,train,H21-04997-2-SSS,7.589478543760308
8885938,MF,train,H21-05165-1A,10.265942490839125
8885938,MF,train,H21-05165-2A,10.265942490839125
6755847,BID,train,H21-05293-1A,8.078073505548588
2381802,BID,train,H21-05317-1-SSS,10.684433976902342
2381802,BID,train,H21-05317-2-SSS,10.684433976902342
2364690,BID,train,H21-05426-1A,4.682344609049505
7884602,BID,train,H21-05490-1A,8.5989374930037
1000103,BID,train,H21-05502-1A,18.112884048422906
7886968,BID,train,H21-05686-1A,16.99873362503682
7886968,BID,train,H21-05686-2-SSS,16.99873362503682
2224342,BID,train,H21-05848-1A,13.650831980028254
9639252,MF,train,H21-05933-1A,25.67066911721026
6088693,BID,train,H21-06043-1A,0.9667222070846819
7592978,BID,train,H21-06132-1A,10.562155721989505
7887953,BID,train,H21-06137-1A,24.651858185017367
5334051,BID,train,H21-06372-1A,18.294972601294482
769676,BID,train,H21-06462-1A,10.448200416284902
7888083,MF,train,H21-06519-1A,23.577512219802117
5267591,MF,train,H21-06535-1A,23.292370459756786
2825093,BID,train,H21-06786-1-SSS,13.925232950246142
2825093,BID,train,H21-06786-2-SSS,13.925232950246142
786119,BID,train,H21-07068-1A,12.175975226444166
9890890,MF,train,H21-07101-1A,12.335043464149988
8163031,BID,train,H21-07243-1A,11.325204336541619
4394626,BID,train,H21-07610-1-SSS,14.670564808027423
4394626,BID,train,H21-07610-2-SSS,14.670564808027423
895913,MF,train,H21-08211-1A,14.402102564100295
1894591,BID,train,H21-08247-1A,25.03996184091695
1278216,BID,train,H21-08268-1A,20.253277175951876
3124205,BID,train,H21-08441-1A,2.562982368428307
3794698,BID,train,H21-08465-1A,19.384962602930898
5432777,BID,train,H21-08869-1-SSS,13.24340156526571
5432777,BID,train,H21-08869-2-SSS,13.24340156526571
7899738,MF,train,H21-08962-1A,13.090777079198777
9926524,BID,train,H21-09103-1-SSS,10.643395552007116
9926524,BID,train,H21-09103-2-SSS,10.643395552007116
6792652,MF,train,H21-09181-1A,6.1145834531625
6901716,BID,train,H21-09342-1A,2.043996835701995
8897767,BID,train,H21-09404-1A,11.665054492833137
3044602,BID,train,H21-09507-1A,11.206856019456763
9887333,BID,train,H21-09551-1A,21.767034418053015
9887333,BID,train,H21-09551-2A,21.767034418053015
8078180,BID,train,H21-09579-1A,13.982157203785906
8078180,BID,train,H21-09579-3-1-SSS,13.982157203785906
6901412,BID,train,H21-09756-1A,15.99388866842308
6901412,BID,train,H21-09756-2-1-SSS,15.99388866842308
5087785,BID,train,H21-10323-1A,19.231321344935477
100538,BID,train,H21-10585-1-SSS,14.148407432192789
100538,BID,train,H21-10585-2-1-SSS,14.148407432192789
8578841,BID,train,H21-11176-1A,12.579596663653515
4311710,BID,train,H21-11398-1A,12.969328845187592
4974592,BID,train,H21-11607-1A,24.74329009508206
8043055,BID,train,H21-11938-1A,0.5364820529025786
8364215,BID,train,H21-11990-1A,9.375166696421024
6316517,BID,train,H21-12154-1A,29.446473043156963
8166910,BID,train,H21-12364-1A,14.50915303343345
2917826,BID,train,H21-12477-1A,11.784525267198244
9874609,BID,train,H21-13120-1A,4.034955559520567
8894462,BID,train,H21-13399-1A,29.23785654452646
4088916,BID,train,H21-13625-1A,1.0907774998118218
8198862,BID,train,H21-13828-1A,22.24681663771367
1000948,BID,train,H21-13901-1-SSS,15.430783682572532
1000948,BID,train,H21-13901-2-SSS,15.430783682572532
5472476,BID,train,H21-13930-1A,20.3109740865846
1003536,BID,train,H21-13931-1A,3.241409759192003
90324,MF,train,R14-81408-1B,16.15188589250006
90324,MF,train,R14-81614-1A,16.15188589250006
90324,MF,train,R14-81614-2A,16.15188589250006
8408008,MF,train,R14-82605-2A,14.386390163131006
8408008,MF,train,R14-82605-WCL3947-1A,14.386390163131006
8408008,MF,train,R14-82605-WCL3947-2A-HE,14.386390163131006
5420398,MF,train,R14-83550-1A,2.36171647583493
2682108,MF,train,R14-83970-WCL3827-1A,3.9706463399699796
1430275,MF,train,R14-84303-1A,9.957197106801681
6441648,MF,train,R15-80733-1A,10.579397805959164
448206,MF,train,R15-81234-WCL3910-1A,11.736831002574123
3448556,MF,train,R15-81253-1A,10.716492173375604
7449657,MF,train,R15-81334-1A,16.90905708862458
9450741,MF,train,R15-81469-WCL3909,11.743217425199981
455524,MF,train,R15-81827-WCL3911-1A,24.845940192870458
9459414,MF,train,R15-82085-WCL3915,8.751254384908638
2461479,MF,train,R15-82141-WCL3916,28.300417063515876
3462181,MF,train,R15-82228-WCL3913-1B,26.263431520853512
3464517,MF,train,R15-82372-1A,14.48359247961076
3464517,MF,train,R15-82372-WCL4084,14.48359247961076
6466264,MF,train,R15-82507-WCL3918-1A,17.450327778374117
1470415,MF,train,R15-82857-WCL3929-1,16.19322548760955
1470415,MF,train,R15-82857-WCL3929-1F,16.19322548760955
5472518,MF,train,R15-83060-1A,19.433357248861437
8464080,MF,train,R15-83226-WCL3917,12.216773934161726
6480529,MF,train,R15-83539-1A,19.99246349192334
3483335,MF,train,R15-83794-1A,18.55169688073357
3483335,MF,train,R15-83794-1B,18.55169688073357
6482444,MF,train,R15-83795-1A,12.352833025486028
6482444,MF,train,R15-83795-1B,12.352833025486028
6482444,MF,train,R15-83795-1C,12.352833025486028
6482444,MF,train,R15-83795-WCL3975,12.352833025486028
5472518,MF,train,R15-83939-1A,19.433357248861437
6490451,MF,train,R15-84256-1A,10.014575346469249
7494134,MF,train,R16-80130-WCL3978,11.242121431552777
1504393,MF,train,R16-80856-WCL4005,5.036838915206917
9507912,MF,train,R16-81029-1A,7.096625817641182
1509815,MF,train,R16-81102-1A,28.741025192890323
5510634,MF,train,R16-81128-1A,23.260780371927083
5510634,MF,train,R16-81128-2A,23.260780371927083
3505939,MF,train,R16-81167-1A,15.062796143681869
3505939,MF,train,R16-81167-3,15.062796143681869
3505939,MF,train,R16-81167-WCL4004-6-1,15.062796143681869
3505939,MF,train,R16-81167-WCL4004-6-3,15.062796143681869
1511230,MF,train,R16-81208-1,15.802529865675979
1511230,MF,train,R16-81208-8,15.802529865675979
520933,MF,train,R16-81698-1A,17.416241832015807
520933,MF,train,R16-81698-WCL4085-9,17.416241832015807
6525597,MF,train,R16-82199-2,26.725474851498724
6525597,MF,train,R16-82199-WCL4086,26.725474851498724
1533657,MF,train,R16-82414-WCL4105,20.15605313213367
540467,MF,train,R16-82794-4,12.63931879785204
540467,MF,train,R16-82794-5,12.63931879785204
540467,MF,train,R16-82794-WCL4106,12.63931879785204
541843,MF,train,R16-82838-5,11.210863768097683
541843,MF,train,R16-82838-WCL4109-12-1,11.210863768097683
541843,MF,train,R16-82838-WCL4109-12-6,11.210863768097683
9542399,MF,train,R16-82970-1A,12.94135022600379
9542399,MF,train,R16-82970-2,12.94135022600379
9542399,MF,train,R16-82970-WCL4107-12-1,12.94135022600379
2545237,MF,train,R16-83025-1A,26.345103181642255
550266,MF,train,R16-83293-1A,17.155718604182766
550266,MF,train,R16-83293-WCL4153,17.155718604182766
7554269,MF,train,R16-83517-1A,6.602305882503347
7554269,MF,train,R16-83517-2,6.602305882503347
7554269,MF,train,R16-83517-WCL4151,6.602305882503347
9476237,MF,train,R16-83944-1A,11.581071139479231
9476237,MF,train,R16-83944-WCL4152,11.581071139479231
8562887,MF,train,R16-84137-1A,11.654297307493461
8562887,MF,train,R16-84137-WCL4154,11.654297307493461
5549350,MF,train,R17-80232-WCL4214,6.746782844631611
3568967,MF,train,R17-80273-WCL4155,22.201594868796388
9573104,MF,train,R17-80620-WCL4213,22.75047955814396
1575518,MF,train,R17-80877-WCL4215,18.775183666523837
582487,MF,train,R17-81115-WCL4252,9.271973922986747
9582822,MF,train,R17-81166-WCL4212,13.194946736513176
5584147,MF,train,R17-81250-WCL4211,5.534610377224953
6594209,MF,train,R17-82058-1,13.500032204409251
6594209,MF,train,R17-82058-1A,13.500032204409251
6594209,MF,train,R17-82058-WCL4261,13.500032204409251
1599501,MF,train,R17-82297-1,15.126455157459576
1599501,MF,train,R17-82297-2,15.126455157459576
1599501,MF,train,R17-82297-WCL4259,15.126455157459576
1599870,MF,train,R17-82309-2,13.215742405186145
1599870,MF,train,R17-82309-WCL4254-1-HE,13.215742405186145
9599840,MF,train,R17-82381-WCL4258,7.363043387599089
6602412,MF,train,R17-82526-WCL4257,6.411992742060849
5614092,MF,train,R17-83349-1,16.99533950915463
5614092,MF,train,R17-83349-1B,16.99533950915463
5614092,MF,train,R17-83349-2,16.99533950915463
8623640,MF,train,R17-83989-07-HE,22.867063775698767
8623640,MF,train,R17-83989-1-HE,22.867063775698767
622925,MF,train,R17-83993-WCL4313,17.376904727540303
6631057,MF,train,R17-84487-1A,16.00895806158689
9601225,MF,train,R17-84514-WCL4368,10.949969093120849
1629268,MF,train,R17-84590-WCL4369,16.00238634807488
7141707,MF,train,R17-85020-1A,10.213199377261072
7141707,MF,train,R17-85020-WCL4470,10.213199377261072
9644367,MF,train,R18-80084-WCL4417-1,20.425790278315233
9644367,MF,train,R18-80084-WCL4417-5,20.425790278315233
8019471,MF,train,R18-80327-2,14.254699472913071
8019471,MF,train,R18-80327-3,14.254699472913071
8019471,MF,train,R18-80327-4,14.254699472913071
8019471,MF,train,R18-80327-5,14.254699472913071
8019471,MF,train,R18-80327-6,14.254699472913071
8019471,MF,train,R18-80327-7,14.254699472913071
8019471,MF,train,R18-80327-8,14.254699472913071
8648524,MF,train,R18-80330-WCL4421,23.982677630901502
2648163,MF,train,R18-80386-1A,13.80805738333562
2648163,MF,train,R18-80386-1B,13.80805738333562
2648163,MF,train,R18-80386-1C,13.80805738333562
1653469,MF,train,R18-80629-WCL4419,8.199307288972223
8654463,MF,train,R18-80768-3,5.206808158349053
8654463,MF,train,R18-80768-4,5.206808158349053
8654463,MF,train,R18-80768-WCL4420,5.206808158349053
5656410,MF,train,R18-80806-WCL4422,8.342608531302247
9661896,MF,train,R18-81154-1A,17.39500338700661
9661896,MF,train,R18-81154-WCL4473-11-HE,17.39500338700661
9664648,MF,train,R18-81327-06-HE,11.880198818775861
9664648,MF,train,R18-81327-1A,11.880198818775861
9664648,MF,train,R18-81327-3,11.880198818775861
9664648,MF,train,R18-81327-WCL4472,11.880198818775861
7669083,MF,train,R18-81623-3,13.704032090658576
7669083,MF,train,R18-81623-WCL4476-1-HE,13.704032090658576
6668055,MF,train,R18-81630-2,21.515316777772284
6668055,MF,train,R18-81630-WCL4471,21.515316777772284
669448,MF,train,R18-81658-WCL4477,25.8571743335849
5675061,MF,train,R18-82016-1A,15.066417232300886
5675061,MF,train,R18-82016-WCL4475,15.066417232300886
2656101,MF,train,R18-82042-1A,14.04653143324051
2656101,MF,train,R18-82042-2,14.04653143324051
2656101,MF,train,R18-82042-3,14.04653143324051
2656101,MF,train,R18-82042-4A-HE,14.04653143324051
5510634,MF,train,R18-82062-1A,23.260780371927083
9684850,MF,train,R18-82643-1A,5.747822457248325
9684850,MF,train,R18-82643-WCL4480,5.747822457248325
1686246,BID,train,R18-82745-1A,27.944407102715797
7687597,MF,train,R18-82858-1A-HE,15.75487563466863
7687597,MF,train,R18-82858-WCL4481-05-HE,15.75487563466863
6687906,MF,train,R18-82955-WCL4482,24.84139977989676
693269,MF,train,R18-83214-1A,13.506564946312135
693269,MF,train,R18-83214-WCL4485,13.506564946312135
7694172,MF,train,R18-83263-3,10.487064620080577
7694172,MF,train,R18-83263-WCL4563,10.487064620080577
7693606,MF,train,R18-83294-,20.265155949664383
7693606,MF,train,R18-83294-WCL4483,20.265155949664383
6693903,BID,train,R18-83295-1A,26.532553493454945
3695271,BID,train,R18-83354-1A,3.6179576572350856
698053,BID,train,R18-83540-1A,29.654120494503875
8698321,BID,train,R18-83553-1A,13.576556079586739
9698371,BID,train,R18-83556-1A,1.9110092016261113
1691534,BID,train,R18-83562-1A,1.62164452300492
6019487,BID,train,R18-83574-1A,22.513114095714236
8408008,MF,train,R18-83584-WCL3947-1,14.386390163131006
8408008,MF,train,R18-83584-WCL3947-5,14.386390163131006
3702081,MF,train,R18-83787-1A-HE,3.608342251607776
6702083,BID,train,R18-83788-1A,1.5493405775486764
8702134,MF,train,R18-83898-1A,13.718574183722634
8702134,MF,train,R18-83898-WCL4621,13.718574183722634
1704408,BID,train,R18-83969-1A,21.939646346733138
1704408,BID,train,R18-83969-2,21.939646346733138
4782053,BID,train,R18-84139-1A,29.137123751284772
8709991,BID,train,R18-84367-1A,28.298303995359188
2709641,BID,train,R18-84370-1A,23.62335896464638
2711389,MF,train,R18-84530-WCL4565,12.792868037062105
2712199,BID,train,R18-84723-1A,12.657862442751762
1713279,BID,train,R19-80047-1A,14.314556611636037
1713279,BID,train,R19-80047-2,14.314556611636037
1713279,BID,train,R19-80047-3,14.314556611636037
1713279,BID,train,R19-80047-4,14.314556611636037
9720838,MF,train,R19-80184-WCL4568,2.9372210720484264
7721663,MF,train,R19-80219-WCL4622,10.869348387501917
9724344,MF,train,R19-80400-WCL4623,27.017574308183946
6730684,MF,train,R19-80861-1A,15.402328296078956
6730684,MF,train,R19-80861-WCL4624,15.402328296078956
2731863,BID,train,R19-80947-1A,29.291730063164376
5734243,BID,train,R19-81104-1A,20.186836742369636
9734867,MF,train,R19-81151-1A,3.25706166795905
9734867,MF,train,R19-81151-2,3.25706166795905
8736864,MF,train,R19-81299-1A,8.191042347637538
7738257,MF,train,R19-81662-1A,17.125346218207202
7738257,MF,train,R19-81662-2A,17.125346218207202
8742027,BID,train,R19-81667-1A,14.608531189989751
8743269,MF,train,R19-81765-19-HE,26.92653062247052
5160119,BID,train,R19-81858-1A,10.005357351616537
6745613,MF,train,R19-81931-01-HE,7.516342098024688
6745613,MF,train,R19-81931-2,7.516342098024688
6745613,MF,train,R19-81931-5-HE,7.516342098024688
2941406,BID,train,R19-82047-1A,14.837457337837428
3012205,MF,train,R19-82350-1A,15.742753254365716
753345,BID,train,R19-82391-1A,15.862660184109275
6755774,MF,train,R19-82547-1A-HE,17.136190281813562
6755774,MF,train,R19-82547-2A-HE,17.136190281813562
2757460,MF,train,R19-82639-1A,7.925672450959124
2757460,MF,train,R19-82639-2A,7.925672450959124
2297465,BID,train,R19-82802-1A,18.156681482688786
9353332,BID,train,R19-83000-1A,3.3028451202729876
7045231,MF,train,R19-83320-1A,18.82586547266711
774666,BID,train,R19-83714-1A,14.346484901548045
774666,BID,train,R19-83714-1B,14.346484901548045
776623,MF,train,R19-83855-1A,6.021210449489945
2777745,MF,train,R19-83915-1A,18.23110539534958
2777745,MF,train,R19-83915-1B,18.23110539534958
3779055,BID,train,R19-83994-1A,20.441477129797484
7773156,MF,train,R19-84098-1A,13.422804627352104
6782270,MF,train,R19-84197-1A,0.8750892546133588
1785173,MF,train,R19-84395-1A,28.087021753079267
6782346,BID,train,R19-84396-2A,15.078566830533926
6782346,BID,train,R19-84396-3A,15.078566830533926
2785371,MF,train,R19-84412-1A,26.438425469936227
5786458,BID,train,R19-84498-1A,8.123732798608634
2786618,MF,train,R19-84527-1A,16.548489085891173
4141226,MF,train,R19-84548-1A,19.26408753002984
3787608,MF,train,R19-84576-1A,7.0213694578849895
8787988,BID,train,R19-84587-1A,29.36271972461758
721316,BID,train,R19-84656-1A,13.350716766730756
721316,BID,train,R19-84656-2A,13.350716766730756
721316,BID,train,R19-84656-3A,13.350716766730756
721316,BID,train,R19-84656-3B,13.350716766730756
721316,BID,train,R19-84656-3C,13.350716766730756
721316,BID,train,R19-84656-4A,13.350716766730756
9789882,MF,train,R19-84753-1A,17.28892087667829
6790452,BID,train,R19-84775-1A,16.416908504617403
6281153,BID,train,R19-84776-1A,12.829390647813812
6281153,BID,train,R19-84776-1B,12.829390647813812
8790857,MF,train,R19-84833-1A,16.149311452964596
8786241,BID,train,R19-84967-1B,3.210191187446319
7353722,MF,train,R19-85066-1A,24.619580206884592
6797079,BID,train,R20-80164-1A,9.92628600717855
6797079,BID,train,R20-80164-2A,9.92628600717855
2092955,MF,train,R20-80178-1A,14.545177762600556
7798724,MF,train,R20-80250-1A,18.217800385559272
7798724,MF,train,R20-80250-1B,18.217800385559272
3801239,BID,train,R20-80461-1A,14.869400872395595
3801239,BID,train,R20-80461-2A,14.869400872395595
3801239,BID,train,R20-80461-3A,14.869400872395595
7807001,MF,train,R20-80782-1A,15.231366811163655
9811893,MF,train,R20-81051-WCL4922-35,11.019964001230207
9811893,MF,train,R20-81051-WCL4922-42,11.019964001230207
2811979,BID,train,R20-81059-1A,26.375584024586416
3813293,MF,train,R20-81172-1A,14.822833529429948
6813881,BID,train,R20-81225-1A,5.2450211317535125
818629,MF,train,R20-81600-1A,20.140239210829968
9820201,BID,train,R20-81705-1,24.443331404194335
9820201,BID,train,R20-81705-1A,24.443331404194335
9820201,BID,train,R20-81705-5,24.443331404194335
5792013,MF,train,R20-81734-1A,6.205601476660089
7825570,MF,train,R20-82071-1A,6.221639084399358
1564714,BID,train,R20-82534-1A,26.454586335287193
1833227,BID,train,R20-82658-1A,19.89802922695168
3834150,BID,train,R20-82727-1A,18.87255442309424
3834150,BID,train,R20-82727-2A,18.87255442309424
3834150,BID,train,R20-82727-3A,18.87255442309424
833500,BID,train,R20-82744-1A,16.849032174799802
833500,BID,train,R20-82744-1B,16.849032174799802
833500,BID,train,R20-82744-2A,16.849032174799802
833500,BID,train,R20-82744-2B,16.849032174799802
7834963,MF,train,R20-82842-1B,13.252384163465683
2836460,MF,train,R20-82871-1A,22.509225229096824
2836460,MF,train,R20-82871-1B,22.509225229096824
1816234,BID,train,R20-82911-1A,12.944753233240258
1816234,BID,train,R20-82911-2,12.944753233240258
6838155,MF,train,R20-82994-1A,24.14853895013015
6838155,MF,train,R20-82994-2,24.14853895013015
1839170,MF,train,R20-83059-1A,21.642988147151044
1839170,MF,train,R20-83059-2,21.642988147151044
6840813,MF,train,R20-83187-1A,22.545303813034753
6840813,MF,train,R20-83187-2,22.545303813034753
3841107,BID,train,R20-83201-1A,15.31048129790919
1842121,MF,train,R20-83281-1A,16.420767782434297
8842659,MF,train,R20-83293-1A,11.868588549897174
9844434,MF,train,R20-83411-HE,19.47927280739764
2039054,MF,train,R20-83523-1A,16.74763589348669
2039054,MF,train,R20-83523-2,16.74763589348669
7845848,BID,train,R20-83524-1A,4.565775525197444
8163303,BID,train,R20-83655-1A,20.05973913276452
6849255,BID,train,R20-83729-1A,3.1587239005255467
6849255,BID,train,R20-83729-2,3.1587239005255467
6104489,MF,train,R20-83910-WCL5036,3.798538127056507
3851791,MF,train,R20-83911-1A,12.067493910200715
7858589,BID,train,R20-84734-1A,5.848918757802404
8864244,BID,train,R21-80218-2,11.936371045136628
9489353,BID,train,R21-80260-1A,12.3686501782534
6867665,MF,train,R21-80436-1A,21.544947259546205
8871944,MF,train,R21-80779-1A,19.731840052470286
9875688,BID,train,R21-81057-1A,21.840440585562444
7877111,MF,train,R21-81185-HE,7.357420686205587
9877117,MF,train,R21-81198-HE,14.621603139977594
2878169,BID,train,R21-81248-1A,21.236831508870964
9878294,MF,train,R21-81281-HE,15.581959623381245
880539,MF,train,R21-81438-2,11.147040393924634
8880438,MF,train,R21-81441-1A,22.1622717071313
6882932,MF,train,R21-81581-1A,18.26329649954819
6876462,BID,train,R21-81583-1A,5.5893520285841065
6876462,BID,train,R21-81583-2,5.5893520285841065
1878904,BID,train,R21-81622-1A,19.276474205950045
8885938,MF,train,R21-81827-1A,10.265942490839125
7888083,MF,train,R21-81976-1A,23.577512219802117
7888083,MF,train,R21-81976-1B,23.577512219802117
9639252,MF,train,R21-82022-1A,25.67066911721026
7827801,BID,train,R21-82184-1A,12.601540698172126
7827801,BID,train,R21-82573-1A,12.601540698172126
7827801,BID,train,R21-82573-2,12.601540698172126
7827801,BID,train,R21-82573-3,12.601540698172126
7827801,BID,train,R21-82573-4,12.601540698172126
895913,MF,train,R21-82647-1A,14.402102564100295
895913,MF,train,R21-82647-1B,14.402102564100295
896199,BID,train,R21-82649-1A,6.900972374363609
896199,BID,train,R21-82649-2,6.900972374363609
1006491,BID,train,R21-82862-1A,23.627342736919644
1006491,BID,train,R21-82862-2,23.627342736919644
6899285,BID,train,R21-82866-1A,15.737625272879438
6899285,BID,train,R21-82866-2,15.737625272879438
7899738,MF,train,R21-82924-1A,13.090777079198777
3900524,BID,train,R21-82990-050-HE,19.307821301871776
9903122,BID,train,R21-83261-1A,15.136908331339974
8127113,BID,train,R21-83378-2,5.758447773686926
9905804,BID,train,R21-83399-1A,20.73438249597098
3907477,BID,train,R21-83636-1A,29.738229738728457
918845,BID,train,R21-84328-1A,22.43628812280783
918845,BID,train,R21-84328-2A,22.43628812280783
5919734,BID,train,R21-84435-1A,28.534226211452456
1006547,BID,train,R21-84798-1A,11.835173404321052
1006547,BID,train,R21-84798-1B,11.835173404321052
1360497,BID,train,H15-00322-1A,29.399578093499564
6823088,BID,train,H15-01913-1A,5.376176273620149
3281242,BID,train,H15-01916-1A,21.15743280361337
7777579,BID,train,H15-01926-1A,17.781399306171107
9182894,BID,train,H15-01945-1A,17.801133219566857
6376445,BID,train,H15-02106-1A,21.081283511842216
2747140,BID,train,H15-02252-1A,27.923699224832685
361662,BID,train,H15-02264-1A,23.58616722561447
8467137,BID,train,H15-02379-1A,2.156015050778195
14308,BID,train,H15-02548-1A,25.65547658633348
5060907,BID,train,H15-02575-1A,7.153469232809112
438058,BID,train,H15-02772-1A,11.618967859722973
8144411,BID,train,H15-02788-1A,14.121118001565273
8127126,BID,train,H15-02867-1A,14.686727022215555
8410129,BID,train,H15-02900-1A,13.337821778033025
5187408,BID,train,H15-02976-1A,22.86633898705985
5187408,BID,train,H15-02976-2A,22.86633898705985
5187408,BID,train,H15-02976-3A,22.86633898705985
7020443,BID,train,H15-03011-1A,1.9703398195967758
7439042,BID,train,H15-03013-1A,27.165443242681054
2426081,BID,train,H15-03014-1A,27.327010664247688
4007618,BID,train,H15-03142-1A,23.51628537118802
4753257,BID,train,H15-03214-1A,0.7073615125017652
9213494,BID,train,H15-03394-1A,2.189767406789889
7444475,BID,train,H15-03396-1A,7.144099216920448
9335591,BID,train,H15-03428-1A,10.525132380102132
5401728,BID,train,H15-03504-1A,12.265662876260018
8332571,BID,train,H15-03584-1A,27.717380213589795
6161765,BID,train,H15-03918-1A,14.42578280881145
2442189,BID,train,H15-04057-2A,0.8953774797488855
3383319,BID,train,H15-04097-1A,8.84099784257348
5532766,BID,train,H15-04185-1A,1.6930173320503394
5532766,BID,train,H15-04185-2A,1.6930173320503394
1404526,BID,train,H15-04191-1A,8.633735666318792
3217965,BID,train,H15-04277-1A,8.63056399102889
3016920,BID,train,H15-04423-2A,26.488928516895058
3016920,BID,train,H15-04423-3A,26.488928516895058
5254086,BID,train,H15-04531-1A,11.450609269754949
2700490,BID,train,H15-04569-1A,13.152162926400639
265166,BID,train,H15-04608-1A,25.421288370437633
9426884,BID,train,H15-04672-1A,8.410101092817644
2390266,BID,train,H15-04674-1A,5.1132632299017144
5455021,BID,train,H15-05300-1A,25.66614389040769
1398666,BID,train,H15-05479-1A,13.841180895350877
5424523,BID,train,H15-05480-1A,18.781133485882762
6309357,BID,train,H15-05627-1A,17.0787890002708
9172556,BID,train,H15-05687-1A,10.251372036836035
9172556,BID,train,H15-05687-2A,10.251372036836035
9991362,BID,train,H15-05927-1A,23.26980292235783
6924059,BID,train,H15-06685-1A,5.1290530727029
7908,BID,train,H15-06872-1A,7.485137124685869
5768686,BID,train,H15-06954-1A,22.107237589223647
9335591,BID,train,H15-07025-1A,10.525132380102132
432873,BID,train,H15-07152-1A,4.275652151740799
9332336,BID,train,H15-07161-1A,26.523000621320772
62763,BID,train,H15-07355-1A,12.106711473625952
2255417,BID,train,H15-07672-1A,24.9221170720041
5348570,BID,train,H15-07725-1A,23.737533958067406
7419175,BID,train,H15-07797-1A,18.920550670915976
6705660,BID,train,H15-07849-1A,15.087193373205242
9293702,BID,train,H15-08010-1A,29.39674979126183
8139871,BID,train,H15-08354-1A,4.776469635204602
9387992,BID,train,H15-08364-1A,21.892093962757887
7171382,BID,train,H15-08388-1A,6.140125693211275
7456609,BID,train,H15-08391-1A,10.478761607304277
6047244,BID,train,H15-08401-1A,9.606612929509259
1288158,BID,train,H15-08433-1A,21.124508162656966
1288158,BID,train,H15-08433-2A,21.124508162656966
1288158,BID,train,H15-08433-3A,21.124508162656966
6904087,BID,train,H15-08478-1A,1.1500372287763736
380576,BID,train,H15-08679-2A,21.740237170061835
5596751,BID,train,H15-09080-1A,12.830703049179288
2436073,BID,train,H15-09143-1A,3.1207872300831494
9684779,BID,train,H15-09156-1A,20.670746114522753
31358,BID,train,H15-09255-1A,16.58061308369064
1451945,BID,train,H15-09315-1A,29.42524624903263
6924059,BID,train,H15-09316-1A,5.1290530727029
7647998,BID,train,H15-09410-1A,12.417347351633174
6821130,BID,train,H15-09764-1A,16.505101200164976
9224886,BID,train,H15-09784-2A,23.855149659373875
6445395,BID,train,H15-10192-1A,16.69074037324173
319351,BID,train,H15-10268-1A,18.580554745427502
9158230,BID,train,H15-10292-1A,7.171338021903252
4196406,BID,train,H15-10606-1A,25.484102478612517
5428371,BID,train,H15-14110-1A,13.144601135629035
26189,BID,train,H15-14363-1A,4.658309011892193
9492817,BID,train,H15-15335-1A,20.09354347790981
133553,BID,train,H16-03873-1A,6.874668368966572
2264503,BID,train,H16-06145-1A,14.653353924992688
2264503,BID,train,H16-06145-2A,14.653353924992688
2522308,BID,train,H16-07776-1A,14.07478680240897
2122726,BID,train,H16-11037-1A,22.603869524525404
8510980,BID,train,H16-13725-1A,9.072333014287475
2491138,BID,train,H16-16157-1A,23.715618980071156
9403803,BID,train,H17-03022-1A,3.8021098471351444
972064,BID,train,H17-04045-1A,11.001214526948155
8080532,BID,train,H17-04406-3A,26.637760131537636
8080532,BID,train,H17-04406-4A,26.637760131537636
3028127,BID,train,H17-06204-1A,15.169049944283302
8658591,BID,train,H17-08424-1A,18.375719280869333
8658591,BID,train,H17-08424-2A,18.375719280869333
1111729,BID,train,H17-10694-1A,16.57300889299321
1005334,BID,train,H17-11345-1A,22.87353802713878
6175621,BID,train,H17-11498-1A,22.74617656932684
2614006,BID,train,H17-11691-1A,1.029397517770509
1548675,BID,train,H17-12059-1A,4.224486592382097
5356283,BID,train,H17-12230-1A,19.959066308644896
2324224,BID,train,H17-12618-1A,5.267784432933207
7505827,BID,train,H17-12698-1A,8.037053667340338
5356459,BID,train,H17-13018-1A,28.42581964888841
2564766,BID,train,H17-13042-1A,17.025376622059902
1632402,BID,train,H17-16383-1A,22.64652045648074
2222072,BID,train,R15-81434-1A,16.960431794087878
6867665,MF,train,H21-01761-1A,21.544947259546205
90324,MF,train,H20-04257-1A,16.15188589250006
1430275,MF,train,H19-12856-1A,9.957197106801681
7763643,MF,train,H19-10639-2A,13.179337997124334
1430275,MF,train,H19-01234-1A,9.957197106801681
1470415,MF,train,H16-02032-1A,16.19322548760955
1470415,MF,train,H15-12193-1A,16.19322548760955
7345279,BID,validate,H21-09403-1A,13.82505616733464
7897420,BID,validate,H21-09449-1A,12.222751019316837
1462887,BID,validate,H21-09620-1A,3.25553517327122
6904672,BID,validate,H21-09805-1A,13.511628668398119
195030,MF,validate,H21-09823-1A,12.207398060599612
2838754,BID,validate,H21-10028-1A,6.008337225304723
5910183,BID,validate,H21-10030-1A,3.2740650808108573
6519509,BID,validate,H21-10789-1A,11.02179373718206
5142361,BID,validate,H21-10879-1A,22.84571560128781
1220208,BID,validate,H21-10935-1A,8.655029872210184
3849644,BID,validate,H21-10947-1A,9.71429850562265
7522877,BID,validate,H21-10950-1A,19.458902401336495
786119,BID,validate,H21-11129-1A,12.175975226444166
7857256,BID,validate,H21-11295-1A,26.960258947494264
6409947,BID,validate,H21-11332-1A,15.845620435920857
6765622,BID,validate,H21-11482-1A,13.7042867394464
1003574,MF,validate,H21-12872-1A,23.002247018230705
3903102,MF,validate,H21-13412-1A,5.398012245777766
2869110,MF,validate,R21-80552-1A,12.088375467954409
6881926,BID,validate,R21-81541-1A,19.089234394579783
6881926,BID,validate,R21-81541-2A,19.089234394579783
5896236,BID,validate,R21-82652-1A,10.469603330511127
5896236,BID,validate,R21-82652-2A,10.469603330511127
195030,MF,validate,R21-83678-1B,12.207398060599612
7908633,BID,validate,R21-83824-1A,1.484816252698246
5913839,BID,validate,R21-84018-1A,16.670843301990352
5913839,BID,validate,R21-84018-2A,16.670843301990352
9731465,BID,validate,R21-84081-1A,19.759613236480693
3920225,MF,validate,R21-84430-1A,9.738278847109829
1001334,BID,validate,R21-84559-1A,24.05850153529116
1003574,MF,validate,R21-84626-1A,23.002247018230705
1004475,MF,validate,R21-84646-1A,23.835377390511653
2842209,BID,validate,R21-84708-1A,3.9704976507000933
1005794,MF,validate,R21-84734-1A,22.32204479652345
1006629,BID,validate,R21-84784-1A,9.930171556996068
1010129,MF,validate,R21-84986-1A,17.458835181436044
9731465,BID,validate,R21-85195-1A,19.759613236480693
1010129,MF,validate,H22-00059-1A,17.458835181436044
1004475,MF,validate,H22-00283-1A,23.835377390511653
1017929,MF,validate,H22-01140-1A,14.929830719148612
3231478,BID,validate,H22-01684-1A,29.91380563390902
1020015,BID,validate,H22-01897-1A,29.403582506708396
2584306,BID,validate,H22-01982-1A,19.85595353160713
5871088,BID,validate,H22-02249-1A,4.329880244075668
6869496,BID,validate,H22-02358-1A,20.762399431413357
4304321,BID,validate,H22-02359-1A,3.2443993505708026
902935,BID,validate,H22-02473-1A,1.3662426935205734
9874489,BID,validate,H22-02528-1A,24.77727416353384
102221,BID,validate,H22-02561-1A,6.6877119566686
9892313,BID,validate,H22-02723-1A,11.681300223463372
9807931,BID,validate,H22-02738-1A,29.21699300429711
3820760,BID,validate,H22-02739-1A,10.436794804902545
9651968,BID,validate,H22-02838-1A,9.246448547857801
1329779,BID,validate,H22-02897-1A,27.587135988871868
1033237,BID,validate,H22-03029-1A,3.767079136909264
5175739,BID,validate,H22-03060-1A,22.907681098381637
7765405,BID,validate,H22-03370-1A,29.647934216256832
1400348,BID,validate,H22-03443-1A,27.08823231785214
1030832,BID,validate,H22-03574-1A,19.724203601839566
9164836,BID,validate,H22-03729-1A,9.764793452285593
6904641,BID,validate,H22-03730-1A,8.002498444760343
8669287,BID,validate,H22-03798-1A,16.017269216598063
9149937,BID,validate,H22-03995-1A,26.45474646157501
4015949,BID,validate,H22-04127-1A,16.00032992009794
442435,BID,validate,H22-04335-1A,7.708028253200752
3521313,BID,validate,H22-04408-1A,3.83182464812962
1034947,MF,validate,H22-04743-1A,3.0717943010390196
1039792,BID,validate,H22-04746-1A,10.374317898125174
1043605,MF,validate,H22-05503-1A,15.763388352982874
1043605,MF,validate,H22-05503-2A,15.763388352982874
1048413,MF,validate,H22-05988-1A,12.661290952290743
1049819,MF,validate,H22-06285-1A,20.33425986104593
1010129,MF,validate,H22-06817-1A,17.458835181436044
1060319,MF,validate,H22-07604-1A,21.405236177967108
1053679,MF,validate,H22-07610-1A,17.528867057674084
1507169,MF,validate,H22-08346-2A,16.27816393027443
1068428,MF,validate,H22-09432-1A,10.282043089969314
1068298,MF,validate,H22-09758-1A,16.167162512027964
1039792,BID,validate,H22-10028-1A,10.374317898125174
1039792,BID,validate,H22-10028-2A,10.374317898125174
1077790,MF,validate,H22-10868-1A,15.59106693727733
1082076,MF,validate,H22-11446-1A,8.068159056569597
1116105,MF,validate,H22-11447-1A,18.08434592518373
1093978,MF,validate,H22-12986-1A,15.144471013999185
1015383,MF,validate,R22-80038-1A,13.01982203462441
1015383,MF,validate,R22-80038-2A,13.01982203462441
1017929,MF,validate,R22-80154-1A,14.929830719148612
7580845,BID,validate,R22-80219-1A,14.354722835119265
7580845,BID,validate,R22-80219-1B,14.354722835119265
7580845,BID,validate,R22-80219-2A,14.354722835119265
7580845,BID,validate,R22-80219-3A,14.354722835119265
7580845,BID,validate,R22-80219-3B,14.354722835119265
1022286,BID,validate,R22-80410-1A,6.858131129344289
1022234,MF,validate,R22-80416-2A,11.131145687945253
1022817,MF,validate,R22-80503-1A,12.766995293816567
1022817,MF,validate,H22-01898-1A,12.766995293816567
1029037,BID,validate,R22-80775-1A,17.721437368349335
1029037,BID,validate,R22-80775-1B,17.721437368349335
1035687,BID,validate,R22-81113-1A,27.156431408230453
8669287,BID,validate,R22-81148-1A,16.017269216598063
1507169,MF,validate,R22-81314-1A,16.27816393027443
1507169,MF,validate,R22-81314-1B,16.27816393027443
1038471,BID,validate,R22-81316-1A,23.35683505215017
1038471,BID,validate,R22-81316-2A,23.35683505215017
1041297,MF,validate,R22-81466-1A,26.28968836208137
1041683,MF,validate,R22-81491-1A,2.9967246812104724
1041683,MF,validate,R22-81491-2A,2.9967246812104724
1769216,BID,validate,R22-81560-1A,11.997901929081516
9300734,MF,validate,R22-81564-1A,11.695335649554199
1043605,MF,validate,R22-81572-1A,15.763388352982874
7084371,BID,validate,R22-81721-1A,11.757552226082403
6568560,MF,validate,R22-81928-1A,4.301037004007517
1049598,MF,validate,R22-81957-1A,12.676453313347768
1051082,MF,validate,R22-81980-1A,24.169452710198293
1048413,MF,validate,R22-82093-1A,12.661290952290743
1048413,MF,validate,R22-82093-2A,12.661290952290743
1054967,BID,validate,R22-82148-1C,14.41281427237275
1054967,BID,validate,R22-82148-1A,14.41281427237275
1054967,BID,validate,R22-82148-1B,14.41281427237275
1055134,MF,validate,R22-82163-1A,12.818348714863944
1055134,MF,validate,R22-82163-1B,12.818348714863944
1049819,MF,validate,R22-82217-1A,20.33425986104593
1049819,MF,validate,R22-82217-2B,20.33425986104593
1049819,MF,validate,R22-82217-2A,20.33425986104593
1058730,BID,validate,R22-82383-1B,25.264096830272624
1060319,MF,validate,R22-82480-1A,21.405236177967108
887936,BID,validate,R22-82630-2A,18.82966266897912
1062365,MF,validate,R22-82634-1A,18.014488030065966
1062365,MF,validate,R22-82634-2A,18.014488030065966
1064946,BID,validate,R22-82776-2A,16.406470806331026
1064946,BID,validate,R22-82776-2B,16.406470806331026
1064946,BID,validate,R22-82776-1A,16.406470806331026
1068298,MF,validate,R22-82948-1A,16.167162512027964
1068428,MF,validate,R22-82981-1A,10.282043089969314
1068428,MF,validate,R22-82981-2A,10.282043089969314
1068993,MF,validate,R22-83014-1B,5.0642303843117755
1068993,MF,validate,R22-83014-1A,5.0642303843117755
6343793,BID,validate,R22-83496-1A,17.231538007621875
1077790,MF,validate,R22-83510-1A,15.59106693727733
7879418,MF,validate,R22-83615-1A,13.756941295862426
7879418,MF,validate,R22-83615-1B,13.756941295862426
1082046,BID,validate,R22-83683-1A,7.1773690830738355
1083240,MF,validate,R22-83717-1A,22.042261339159303
1082076,MF,validate,R22-83733-1A,8.068159056569597
1082076,MF,validate,R22-83733-2A,8.068159056569597
1116105,MF,validate,R22-83833-1A,18.08434592518373
1080515,BID,validate,R22-84148-1A,18.31312905885381
1080515,BID,validate,R22-84148-2A,18.31312905885381
1093063,MF,validate,R22-84240-1A,10.541972378812158
1093978,BID,validate,R22-84348-1A,15.144471013999185
1096068,MF,validate,R22-84414-2A,17.57301720937766
1096068,MF,validate,R22-84414-1A,17.57301720937766
1101271,MF,validate,R22-84643-1A,21.31964755551035
1102516,MF,validate,R22-84731-1A,8.429564425901663
1104156,MF,validate,R22-84825-1A,13.16088650519253
1103699,MF,validate,R22-84830-1A,13.058767763968076
1103699,MF,validate,R22-84834-1A,13.058767763968076
1101271,MF,validate,H23-00061-1A,21.31964755551035
1107084,MF,validate,H23-00306-1A,17.068060018892794
1102516,MF,validate,H23-00635-1A,8.429564425901663
1103699,MF,validate,H23-00643-1A,13.058767763968076
8634686,MF,validate,H23-00663-1A,14.907051554996691
1136845,MF,validate,H23-04605-1A,15.384734079197035
2869110,MF,validate,H23-04608-1A,12.088375467954409
1136796,MF,validate,H23-04817-1A,7.956756452759459
1142534,MF,validate,H23-07798-1A,27.822779332841968
5654373,MF,validate,H23-09347-1A,5.421276130288639
1186125,MF,validate,H23-09666-1A,22.667051354955476
8856540,MF,validate,H23-09708-1A,0.9139291157548624
1178252,MF,validate,H23-10498-1A,20.98628845585591
1196713,MF,validate,H23-10964-1A,2.925108379497559
1199616,MF,validate,H23-12427-1A,27.36495909333662
1107084,MF,validate,R23-80063-1A,17.068060018892794
1121231,BID,validate,R23-80558-1A,4.556951357101954
9820430,BID,validate,R23-80564-1A,10.554063143800475
1121810,BID,validate,R23-80580-1A,16.65586551429353
1121810,BID,validate,R23-80580-2A,16.65586551429353
1121810,BID,validate,R23-80580-2B,16.65586551429353
1121810,BID,validate,R23-80580-3A,16.65586551429353
1121810,BID,validate,R23-80580-3B,16.65586551429353
1121810,BID,validate,R23-80580-4A,16.65586551429353
1121810,BID,validate,R23-80580-4B,16.65586551429353
1122851,MF,validate,R23-80610-1A,4.384956434925137
1124152,BID,validate,R23-80713-1A,20.08505971970627
1124152,BID,validate,R23-80713-1B,20.08505971970627
1124152,BID,validate,R23-80713-1C,20.08505971970627
1125897,MF,validate,R23-80735-1A,8.248931456660227
1136845,MF,validate,R23-81241-1A,15.384734079197035
1136796,MF,validate,R23-81245-1A,7.956756452759459
1142534,MF,validate,R23-81465-1A,27.822779332841968
5654373,MF,validate,R23-83281-2A,5.421276130288639
1186125,MF,validate,R23-83334-1A,22.667051354955476
1186125,MF,validate,R23-83334-2A,22.667051354955476
8856540,MF,validate,R23-83421-1A,0.9139291157548624
2869110,MF,validate,H21-02056-1A,12.088375467954409
