patient,category,dataset,slide,time,event
6520922,MF,train,H04-01233-1A,11.239882614641974,1
6885095,MF,train,H13-04946-1A,23.915714741018157,1
2337846,MF,train,H13-08867-1A,15.332222127466597,0
2337846,MF,train,H14-03433-1A,15.332222127466597,0
2337846,MF,train,H14-15391-1A,15.332222127466597,0
6430161,BID,train,H15-00031-1A,6.431879447396458,0
7321602,BID,train,H15-00032-1A,4.277839467700388,1
3428013,BID,train,H15-00094-1A,22.055875207048572,0
3587855,BID,train,H15-00175-1A,16.224530258350594,1
5325886,BID,train,H15-00189-1A,18.577596711513003,1
7417006,BID,train,H15-00248-1A,13.895437811035764,1
7417006,BID,train,H15-00248-2A,13.895437811035764,1
1352791,BID,train,H15-00321-1A,21.313738097609278,1
5995400,BID,train,H15-00441-1A,7.671460434922075,0
1398666,BID,train,H15-00673-1A,8.542945460693069,0
417849,BID,train,H15-00674-1A,7.034899216775544,1
3404622,BID,train,H15-00692-1A,9.69332934510983,1
9053861,BID,train,H15-00700-1A,14.544641495909232,0
1428751,BID,train,H15-00717-1A,12.502790410126547,1
5382654,BID,train,H15-00888-1A,9.407041084356923,0
9158858,BID,train,H15-00896-1A,16.46076368389235,1
1588069,BID,train,H15-00984-1A,6.06886493434492,1
5160811,BID,train,H15-00985-1A,9.4271822677748,0
9440849,BID,train,H15-01085-1A,11.059960552461217,1
6258143,BID,train,H15-01558-1A,13.03353965277479,0
6748462,BID,train,H15-01718-1A,13.833347179065107,0
6748462,BID,train,H15-01718-2A,13.833347179065107,0
7449657,MF,train,H15-05066-1A,11.902835909704615,1
7449657,MF,train,H15-05066-2A,11.902835909704615,1
7449657,MF,train,H15-05066-3A,11.902835909704615,1
9450741,MF,train,H15-05367-1A,15.652084352699166,0
6394740,MF,train,H15-07216-1A,5.591332883398282,0
6394740,MF,train,H15-07216-2A,5.591332883398282,0
5472518,MF,train,H15-11278-1A,15.327384029043392,0
6474852,MF,train,H15-12170-WCL3949,24.243904727640306,1
3483335,MF,train,H15-14460-WCL3976-1A,13.203847139590257,0
6480529,MF,train,H15-15901-1A,7.289573575838526,0
7494134,MF,train,H16-01102-1A,12.821441396525962,0
2501532,MF,train,H16-03649-WCL4003,18.05312658326745,1
8507276,MF,train,H16-04679-1A,12.683354862271228,1
9503457,MF,train,H16-10276-1A,5.684841166585134,1
540467,MF,train,H16-11869-WCL4106,16.195317440540354,0
9542399,MF,train,H16-12642-1A,8.07485418393943,0
3568967,MF,train,H17-01661-1A,19.776875501440983,1
3571888,MF,train,H17-01680-1A,8.693159595200372,0
9585832,MF,train,H17-04931-2A,17.575490255787603,0
5587353,MF,train,H17-05752-2,9.85764367396704,0
6594209,MF,train,H17-07652-2A,15.090022565865794,1
7600867,MF,train,H17-09026-WCL4256,15.027626145552151,1
6602412,MF,train,H17-09361-1A,9.303268199052539,0
8408008,MF,train,H17-11876-1A,18.97173343533719,1
622925,MF,train,H17-13500-1,17.37757859933766,1
622925,MF,train,H17-13500-2,17.37757859933766,1
360165,MF,train,H17-13709-1A,22.686201709408273,0
6631057,MF,train,H17-15021-1A,19.535756828438636,0
8635649,MF,train,H18-00295-36-HE,23.28123317050857,1
8019471,MF,train,H18-02536-1A,10.043553309361752,0
2648163,MF,train,H18-02913-1A,16.406078215914825,0
1653469,MF,train,H18-03586-1A,12.335790412249253,0
8648524,MF,train,H18-03963-1A,14.242742457401565,1
1654362,MF,train,H18-05596-1A,15.294529035035161,0
1580464,BID,train,H18-06259-1A,8.96967869902571,1
9664648,MF,train,H18-07306-2,17.294409454790483,0
5920973,MF,train,H18-07652-1A,10.848573187258964,0
5671659,BID,train,H18-08120-1A,12.059936521301921,1
5671659,BID,train,H18-08120-2-2,12.059936521301921,1
5675061,MF,train,H18-08618-1A,14.357349696749367,0
1700077,MF,train,H18-15433-1A,12.644223868771915,0
1700077,MF,train,H18-15433-2A,12.644223868771915,0
2711389,MF,train,H18-16960-3,21.079408842393587,1
2711389,MF,train,H18-16960-6,21.079408842393587,1
7721663,MF,train,H19-01612-1A,15.605606848098342,0
1384576,MF,train,H19-02901-1A,3.121486576719253,1
3285782,BID,train,H19-04660-1A,19.745506495326964,1
3285782,BID,train,H19-04660-2-1-SSS,19.745506495326964,1
1654362,MF,train,H19-05129-1A,15.294529035035161,0
3209735,BID,train,H19-05306-1A,19.967947627090805,0
7738257,MF,train,H19-05473-1A,7.971026414428073,0
6642567,MF,train,H19-05765-1A,10.886246027973996,0
1995787,BID,train,H19-06351-1A,5.549119309552854,1
9734867,MF,train,H19-06442-1A,13.3243737879981,0
9724083,BID,train,H19-06538-1A,16.712558790206273,0
8103790,BID,train,H19-06743-1A,10.279756546758282,1
6751390,MF,train,H19-07954-WCL4690-10,12.84872810400865,0
6751390,MF,train,H19-07954-WCL4690-15,12.84872810400865,0
3012205,MF,train,H19-09033-1A,12.994072958362974,0
7919112,MF,train,H19-09314-1A,19.05133592343741,1
6755774,MF,train,H19-09376-1A,12.51969433917904,1
2757460,MF,train,H19-09718-1A,17.515656534758424,1
622925,MF,train,H19-10030-1A,17.37757859933766,1
622925,MF,train,H19-10030-2,17.37757859933766,1
1492098,BID,train,H19-10550-1A,18.69138531890589,1
7763643,MF,train,H19-10639-1A,15.20618646675882,0
5432538,BID,train,H19-11015-1A,16.390959808515284,0
5432538,BID,train,H19-11015-2A,16.390959808515284,0
5432538,BID,train,H19-11015-2-SSS,16.390959808515284,0
7762464,BID,train,H19-11085-1A,14.500122246403869,1
7045231,MF,train,H19-12057-1A,18.371618295728076,0
470418,BID,train,H19-12279-1-SSS,4.466416091111396,0
470418,BID,train,H19-12279-2-SS,4.466416091111396,0
9734867,MF,train,H19-12858-1A,13.3243737879981,0
776623,MF,train,H19-13145-1A,13.842095010460318,0
776623,MF,train,H19-13145-2,13.842095010460318,0
6751390,MF,train,H19-13722-1A,12.84872810400865,0
6751390,MF,train,H19-13722-2A,12.84872810400865,0
9779020,MF,train,H19-14036-1A,8.484429041275249,1
5784411,MF,train,H19-14603-1A,12.028424306783855,0
2337846,MF,train,H19-14737-1A,15.332222127466597,0
1785173,MF,train,H19-14899-1A,12.440164839895736,0
5787090,MF,train,H19-15249-1A,4.693558016233446,1
9789882,MF,train,H19-15866-1A,10.07414049033803,0
8790857,MF,train,H19-16293-1A,15.62175234906968,0
3306713,BID,train,H20-00120-1A,23.453348351536608,1
90324,MF,train,H20-00182-1A,16.599741938769746,0
2745661,BID,train,H20-00923-1A,16.934882643229315,0
7798724,MF,train,H20-01660-1A,17.263367902860644,1
2092955,MF,train,H20-01662-1A,19.372435743982933,1
2683948,BID,train,H20-01707-1A,7.104541295492789,1
8378698,BID,train,H20-02004-1A,18.750913644461914,0
8378698,BID,train,H20-02004-2-1-SSS,18.750913644461914,0
529871,BID,train,H20-02363-1A,21.73884600596311,0
529871,BID,train,H20-02363-2-SS,21.73884600596311,0
9194720,BID,train,H20-02822-1A,9.996076449381006,1
2809381,MF,train,H20-03494-WCL4854,5.421142339608888,0
9811893,MF,train,H20-04097-1A,14.033079589470566,1
9811893,MF,train,H20-04097-2,14.033079589470566,1
792366,BID,train,H20-04393-1A,20.996324850294847,0
9816683,MF,train,H20-04442-2A,21.936072831639557,1
818629,MF,train,H20-04623-1A,8.947230690386114,0
818629,MF,train,H20-04623-2,8.947230690386114,0
3813293,MF,train,H20-05317-1A,10.07893044088142,1
7807001,MF,train,H20-05844-1A,12.19075307047172,0
818629,MF,train,H20-06002-1A,8.947230690386114,0
818629,MF,train,H20-06002-2,8.947230690386114,0
5792013,MF,train,H20-06133-1A,19.907444611911195,0
7688798,MF,train,H20-06410-1A,10.110464504456615,0
7834963,MF,train,H20-07898-1A,19.29119986211428,1
7834963,MF,train,H20-07898-2A,19.29119986211428,1
1518047,MF,train,H20-07924-2A,10.999851252344467,0
7057340,BID,train,H20-07988-2A,24.379205819861134,0
2836460,MF,train,H20-08708-1A,18.214639733942047,0
2836460,MF,train,H20-08708-2A,18.214639733942047,0
1839170,MF,train,H20-08981-1A,10.897648413262475,0
8839385,MF,train,H20-08994-1A,9.442906846136609,0
8839385,MF,train,H20-08994-2A,9.442906846136609,0
3274338,BID,train,H20-09038-1A,3.8115128417997215,0
6838155,MF,train,H20-09528-1A,15.514772060270376,0
3813293,MF,train,H20-09530-1A,10.07893044088142,1
1842121,MF,train,H20-09531-1A,10.954973792214307,1
2039054,MF,train,H20-10073-1A,10.801033181546293,1
7773156,MF,train,H20-10076-1A,23.65325263744328,0
8834140,BID,train,H20-10115-1A,7.22902439034015,0
8834140,BID,train,H20-10115-2-SSS,7.22902439034015,0
6104489,MF,train,H20-11118-1A,14.454955589572535,0
4193869,BID,train,H20-11394-1A,24.684309990433217,0
3851791,MF,train,H20-11397-1A,11.832925673515753,1
9262630,BID,train,H20-11774-1A,17.786982042929328,1
7353722,MF,train,H20-12695-1A,17.27487579840122,0
6840813,MF,train,H20-12696-1A,16.184330175148016,1
4118364,BID,train,H21-00064-2,15.990092624770728,1
4118364,BID,train,H21-00064-2-2-1-SSS,15.990092624770728,1
4118364,BID,train,H21-00064-2-4-1-SSS,15.990092624770728,1
4118364,BID,train,H21-00064-4,15.990092624770728,1
8899886,BID,train,H21-00155-1-SSS,9.886708995420836,0
8899886,BID,train,H21-00155-3-SSS,9.886708995420836,0
1224289,BID,train,H21-00221-1-SSS,15.716908166170711,0
1224289,BID,train,H21-00221-2-SSS,15.716908166170711,0
234241,BID,train,H21-00392-1-SSS,9.00003503104764,0
234241,BID,train,H21-00392-2-SSS,9.00003503104764,0
234241,BID,train,H21-00392-3-SSS,9.00003503104764,0
2858056,BID,train,H21-00443-1A,17.90641596053021,1
2846428,MF,train,H21-00713-1A,8.537962191117217,0
2846428,MF,train,H21-00713-2A,8.537962191117217,0
2846428,MF,train,H21-00713-3A,8.537962191117217,0
6481771,BID,train,H21-00952-1A,17.193801389007895,0
6798192,BID,train,H21-01171-1A,6.8360614381098115,1
2866747,BID,train,H21-01212-1A,18.20063023825425,1
9866917,BID,train,H21-01624-1A,11.508177618611823,1
3729287,MF,train,H21-01766-1A,23.60805975220816,1
6730606,BID,train,H21-01778-1A,6.0254607712118515,0
9727976,BID,train,H21-01981-1A,10.503459723105687,1
3536874,BID,train,H21-02112-1A,5.496417467292959,0
6843163,BID,train,H21-02151-1A,23.34325960212838,0
5320367,BID,train,H21-02318-1-SSS,15.488090792057504,0
5320367,BID,train,H21-02318-2-SSS,15.488090792057504,0
8871944,MF,train,H21-02634-1A,18.566334318785778,0
456789,BID,train,H21-02805-1A,20.978888404426748,1
1302684,BID,train,H21-03400-1A,15.214417855188172,1
7877111,MF,train,H21-03500-1A,16.57103381100753,1
174915,BID,train,H21-03761-1A,8.320750399809937,1
5051696,BID,train,H21-03860-1-SSS,13.893503783351486,0
5051696,BID,train,H21-03860-2-SSS,13.893503783351486,0
2029083,BID,train,H21-04022-1A,22.80919725759327,0
7385974,BID,train,H21-04043-1A,16.928232060011894,1
9877117,MF,train,H21-04054-1A,9.071933478133726,0
2376924,BID,train,H21-04161-1A,10.68261064147854,0
9878294,MF,train,H21-04324-1A,15.00914443293179,1
9878294,MF,train,H21-04324-2a,15.00914443293179,1
2879204,MF,train,H21-04344-1A,22.51590133383258,0
6108913,BID,train,H21-04443-1A,20.157262008867725,1
3476124,BID,train,H21-04499-1A,17.12469621539433,0
2838967,BID,train,H21-04547-1A,4.8510792298910745,1
880539,MF,train,H21-04641-1A,8.634379001913318,1
8880438,MF,train,H21-04654-1A,19.373190629198838,1
4080414,BID,train,H21-04707-1A,16.34143931251098,0
5820236,BID,train,H21-04729-1A,3.2023351355658525,0
2883259,BID,train,H21-04997-1-2-SSS,8.646922569348916,0
2883259,BID,train,H21-04997-1-SSS,8.646922569348916,0
2883259,BID,train,H21-04997-2-SSS,8.646922569348916,0
8885938,MF,train,H21-05165-1A,11.972563086255235,1
8885938,MF,train,H21-05165-2A,11.972563086255235,1
6755847,BID,train,H21-05293-1A,18.22169434923925,0
2381802,BID,train,H21-05317-1-SSS,12.638536258594764,0
2381802,BID,train,H21-05317-2-SSS,12.638536258594764,0
2364690,BID,train,H21-05426-1A,18.66794286964579,0
7884602,BID,train,H21-05490-1A,8.219479924929601,0
1000103,BID,train,H21-05502-1A,10.158793359503889,0
7886968,BID,train,H21-05686-1A,18.35736734581763,0
7886968,BID,train,H21-05686-2-SSS,18.35736734581763,0
2224342,BID,train,H21-05848-1A,21.682915030871914,1
9639252,MF,train,H21-05933-1A,17.076695517810386,1
6088693,BID,train,H21-06043-1A,15.502789273380376,0
7592978,BID,train,H21-06132-1A,5.060844892218034,0
7887953,BID,train,H21-06137-1A,11.089747667307538,0
5334051,BID,train,H21-06372-1A,8.83445208899796,1
769676,BID,train,H21-06462-1A,8.36777215433984,0
7888083,MF,train,H21-06519-1A,18.790179898642297,0
5267591,MF,train,H21-06535-1A,11.648149942668729,1
2825093,BID,train,H21-06786-1-SSS,19.755036992918136,0
2825093,BID,train,H21-06786-2-SSS,19.755036992918136,0
786119,BID,train,H21-07068-1A,13.549848116199055,1
9890890,MF,train,H21-07101-1A,14.058016048314226,0
8163031,BID,train,H21-07243-1A,15.6918854617799,1
4394626,BID,train,H21-07610-1-SSS,10.565367497785992,0
4394626,BID,train,H21-07610-2-SSS,10.565367497785992,0
895913,MF,train,H21-08211-1A,13.55876990519065,1
1894591,BID,train,H21-08247-1A,9.176991973698827,0
1278216,BID,train,H21-08268-1A,3.5349512614919845,1
3124205,BID,train,H21-08441-1A,17.200390509957693,0
3794698,BID,train,H21-08465-1A,6.896434946955077,1
5432777,BID,train,H21-08869-1-SSS,23.838258774910518,0
5432777,BID,train,H21-08869-2-SSS,23.838258774910518,0
7899738,MF,train,H21-08962-1A,14.481185233442076,0
9926524,BID,train,H21-09103-1-SSS,7.24176848462743,0
9926524,BID,train,H21-09103-2-SSS,7.24176848462743,0
6792652,MF,train,H21-09181-1A,23.423008376929957,0
6901716,BID,train,H21-09342-1A,12.420051262980916,1
8897767,BID,train,H21-09404-1A,24.26640601896073,1
3044602,BID,train,H21-09507-1A,24.199639495963563,0
9887333,BID,train,H21-09551-1A,15.622041822906404,0
9887333,BID,train,H21-09551-2A,15.622041822906404,0
8078180,BID,train,H21-09579-1A,16.598578401306604,0
8078180,BID,train,H21-09579-3-1-SSS,16.598578401306604,0
6901412,BID,train,H21-09756-1A,8.350562270266071,0
6901412,BID,train,H21-09756-2-1-SSS,8.350562270266071,0
5087785,BID,train,H21-10323-1A,15.249627774083704,1
100538,BID,train,H21-10585-1-SSS,20.954030279193294,0
100538,BID,train,H21-10585-2-1-SSS,20.954030279193294,0
8578841,BID,train,H21-11176-1A,15.54134574196603,0
4311710,BID,train,H21-11398-1A,5.137882862956908,0
4974592,BID,train,H21-11607-1A,16.530158987381732,1
8043055,BID,train,H21-11938-1A,24.781184702293793,0
8364215,BID,train,H21-11990-1A,6.081848335203529,1
6316517,BID,train,H21-12154-1A,14.403252352002209,0
8166910,BID,train,H21-12364-1A,22.30220758241502,1
2917826,BID,train,H21-12477-1A,19.2969095905925,1
9874609,BID,train,H21-13120-1A,18.334346301895895,1
8894462,BID,train,H21-13399-1A,18.454649847716404,1
4088916,BID,train,H21-13625-1A,10.908805326834614,0
8198862,BID,train,H21-13828-1A,9.459020573818854,0
1000948,BID,train,H21-13901-1-SSS,20.814220051734637,1
1000948,BID,train,H21-13901-2-SSS,20.814220051734637,1
5472476,BID,train,H21-13930-1A,22.07559100876228,1
1003536,BID,train,H21-13931-1A,23.091292156242368,0
90324,MF,train,R14-81408-1B,16.599741938769746,0
90324,MF,train,R14-81614-1A,16.599741938769746,0
90324,MF,train,R14-81614-2A,16.599741938769746,0
8408008,MF,train,R14-82605-2A,18.97173343533719,1
8408008,MF,train,R14-82605-WCL3947-1A,18.97173343533719,1
8408008,MF,train,R14-82605-WCL3947-2A-HE,18.97173343533719,1
5420398,MF,train,R14-83550-1A,22.58011751998646,0
2682108,MF,train,R14-83970-WCL3827-1A,10.435893450733788,0
1430275,MF,train,R14-84303-1A,15.590988747590282,0
6441648,MF,train,R15-80733-1A,5.067602676499118,1
448206,MF,train,R15-81234-WCL3910-1A,15.722163101915827,1
3448556,MF,train,R15-81253-1A,3.790730023528326,0
7449657,MF,train,R15-81334-1A,11.902835909704615,1
9450741,MF,train,R15-81469-WCL3909,15.652084352699166,0
455524,MF,train,R15-81827-WCL3911-1A,9.303907546822257,0
9459414,MF,train,R15-82085-WCL3915,15.998331732518237,1
2461479,MF,train,R15-82141-WCL3916,3.6710054986590874,0
3462181,MF,train,R15-82228-WCL3913-1B,3.821660152482717,1
3464517,MF,train,R15-82372-1A,16.01070322278013,0
3464517,MF,train,R15-82372-WCL4084,16.01070322278013,0
6466264,MF,train,R15-82507-WCL3918-1A,5.795331278341465,1
1470415,MF,train,R15-82857-WCL3929-1,19.983357223842113,0
1470415,MF,train,R15-82857-WCL3929-1F,19.983357223842113,0
5472518,MF,train,R15-83060-1A,15.327384029043392,0
8464080,MF,train,R15-83226-WCL3917,16.703590468018007,1
6480529,MF,train,R15-83539-1A,7.289573575838526,0
3483335,MF,train,R15-83794-1A,13.203847139590257,0
3483335,MF,train,R15-83794-1B,13.203847139590257,0
6482444,MF,train,R15-83795-1A,18.8400463996143,0
6482444,MF,train,R15-83795-1B,18.8400463996143,0
6482444,MF,train,R15-83795-1C,18.8400463996143,0
6482444,MF,train,R15-83795-WCL3975,18.8400463996143,0
5472518,MF,train,R15-83939-1A,15.327384029043392,0
6490451,MF,train,R15-84256-1A,10.105042404707412,0
7494134,MF,train,R16-80130-WCL3978,12.821441396525962,0
1504393,MF,train,R16-80856-WCL4005,8.958309527765632,0
9507912,MF,train,R16-81029-1A,12.657371255523994,1
1509815,MF,train,R16-81102-1A,4.726040389529851,1
5510634,MF,train,R16-81128-1A,10.324803270206994,1
5510634,MF,train,R16-81128-2A,10.324803270206994,1
3505939,MF,train,R16-81167-1A,14.628108751000607,1
3505939,MF,train,R16-81167-3,14.628108751000607,1
3505939,MF,train,R16-81167-WCL4004-6-1,14.628108751000607,1
3505939,MF,train,R16-81167-WCL4004-6-3,14.628108751000607,1
1511230,MF,train,R16-81208-1,7.473479349192496,0
1511230,MF,train,R16-81208-8,7.473479349192496,0
520933,MF,train,R16-81698-1A,16.90204846146801,0
520933,MF,train,R16-81698-WCL4085-9,16.90204846146801,0
6525597,MF,train,R16-82199-2,13.341444010300414,0
6525597,MF,train,R16-82199-WCL4086,13.341444010300414,0
1533657,MF,train,R16-82414-WCL4105,24.00703617459027,0
540467,MF,train,R16-82794-4,16.195317440540354,0
540467,MF,train,R16-82794-5,16.195317440540354,0
540467,MF,train,R16-82794-WCL4106,16.195317440540354,0
541843,MF,train,R16-82838-5,10.5042273575882,1
541843,MF,train,R16-82838-WCL4109-12-1,10.5042273575882,1
541843,MF,train,R16-82838-WCL4109-12-6,10.5042273575882,1
9542399,MF,train,R16-82970-1A,8.07485418393943,0
9542399,MF,train,R16-82970-2,8.07485418393943,0
9542399,MF,train,R16-82970-WCL4107-12-1,8.07485418393943,0
2545237,MF,train,R16-83025-1A,4.0120581244785605,0
550266,MF,train,R16-83293-1A,12.858083249629752,0
550266,MF,train,R16-83293-WCL4153,12.858083249629752,0
7554269,MF,train,R16-83517-1A,12.354882893534567,1
7554269,MF,train,R16-83517-2,12.354882893534567,1
7554269,MF,train,R16-83517-WCL4151,12.354882893534567,1
9476237,MF,train,R16-83944-1A,13.615964104871377,0
9476237,MF,train,R16-83944-WCL4152,13.615964104871377,0
8562887,MF,train,R16-84137-1A,9.67758871062787,1
8562887,MF,train,R16-84137-WCL4154,9.67758871062787,1
5549350,MF,train,R17-80232-WCL4214,11.767104156742215,0
3568967,MF,train,R17-80273-WCL4155,19.776875501440983,1
9573104,MF,train,R17-80620-WCL4213,16.972060319088165,0
1575518,MF,train,R17-80877-WCL4215,3.9966882149849794,1
582487,MF,train,R17-81115-WCL4252,11.241477521782366,0
9582822,MF,train,R17-81166-WCL4212,16.7689181457132,0
5584147,MF,train,R17-81250-WCL4211,14.068997688761929,1
6594209,MF,train,R17-82058-1,15.090022565865794,1
6594209,MF,train,R17-82058-1A,15.090022565865794,1
6594209,MF,train,R17-82058-WCL4261,15.090022565865794,1
1599501,MF,train,R17-82297-1,8.422995131754693,0
1599501,MF,train,R17-82297-2,8.422995131754693,0
1599501,MF,train,R17-82297-WCL4259,8.422995131754693,0
1599870,MF,train,R17-82309-2,19.78606404968263,0
1599870,MF,train,R17-82309-WCL4254-1-HE,19.78606404968263,0
9599840,MF,train,R17-82381-WCL4258,15.660431913269337,0
6602412,MF,train,R17-82526-WCL4257,9.303268199052539,0
5614092,MF,train,R17-83349-1,15.079157920498568,1
5614092,MF,train,R17-83349-1B,15.079157920498568,1
5614092,MF,train,R17-83349-2,15.079157920498568,1
8623640,MF,train,R17-83989-07-HE,17.603241912350292,0
8623640,MF,train,R17-83989-1-HE,17.603241912350292,0
622925,MF,train,R17-83993-WCL4313,17.37757859933766,1
6631057,MF,train,R17-84487-1A,19.535756828438636,0
9601225,MF,train,R17-84514-WCL4368,7.307404965364522,0
1629268,MF,train,R17-84590-WCL4369,4.52594861925364,1
7141707,MF,train,R17-85020-1A,4.3089980973187405,0
7141707,MF,train,R17-85020-WCL4470,4.3089980973187405,0
9644367,MF,train,R18-80084-WCL4417-1,11.55194707589514,0
9644367,MF,train,R18-80084-WCL4417-5,11.55194707589514,0
8019471,MF,train,R18-80327-2,10.043553309361752,0
8019471,MF,train,R18-80327-3,10.043553309361752,0
8019471,MF,train,R18-80327-4,10.043553309361752,0
8019471,MF,train,R18-80327-5,10.043553309361752,0
8019471,MF,train,R18-80327-6,10.043553309361752,0
8019471,MF,train,R18-80327-7,10.043553309361752,0
8019471,MF,train,R18-80327-8,10.043553309361752,0
8648524,MF,train,R18-80330-WCL4421,14.242742457401565,1
2648163,MF,train,R18-80386-1A,16.406078215914825,0
2648163,MF,train,R18-80386-1B,16.406078215914825,0
2648163,MF,train,R18-80386-1C,16.406078215914825,0
1653469,MF,train,R18-80629-WCL4419,12.335790412249253,0
8654463,MF,train,R18-80768-3,11.873985031940512,1
8654463,MF,train,R18-80768-4,11.873985031940512,1
8654463,MF,train,R18-80768-WCL4420,11.873985031940512,1
5656410,MF,train,R18-80806-WCL4422,20.75036426387981,1
9661896,MF,train,R18-81154-1A,18.434351008033097,0
9661896,MF,train,R18-81154-WCL4473-11-HE,18.434351008033097,0
9664648,MF,train,R18-81327-06-HE,17.294409454790483,0
9664648,MF,train,R18-81327-1A,17.294409454790483,0
9664648,MF,train,R18-81327-3,17.294409454790483,0
9664648,MF,train,R18-81327-WCL4472,17.294409454790483,0
7669083,MF,train,R18-81623-3,17.16147457139833,0
7669083,MF,train,R18-81623-WCL4476-1-HE,17.16147457139833,0
6668055,MF,train,R18-81630-2,19.559553360637977,0
6668055,MF,train,R18-81630-WCL4471,19.559553360637977,0
669448,MF,train,R18-81658-WCL4477,5.268725114390517,0
5675061,MF,train,R18-82016-1A,14.357349696749367,0
5675061,MF,train,R18-82016-WCL4475,14.357349696749367,0
2656101,MF,train,R18-82042-1A,16.37177585902794,1
2656101,MF,train,R18-82042-2,16.37177585902794,1
2656101,MF,train,R18-82042-3,16.37177585902794,1
2656101,MF,train,R18-82042-4A-HE,16.37177585902794,1
5510634,MF,train,R18-82062-1A,10.324803270206994,1
9684850,MF,train,R18-82643-1A,13.96335518525937,0
9684850,MF,train,R18-82643-WCL4480,13.96335518525937,0
1686246,BID,train,R18-82745-1A,10.024900026989126,0
7687597,MF,train,R18-82858-1A-HE,23.90736025387197,0
7687597,MF,train,R18-82858-WCL4481-05-HE,23.90736025387197,0
6687906,MF,train,R18-82955-WCL4482,15.615633538712295,0
693269,MF,train,R18-83214-1A,14.883110075629311,0
693269,MF,train,R18-83214-WCL4485,14.883110075629311,0
7694172,MF,train,R18-83263-3,9.840628487747786,0
7694172,MF,train,R18-83263-WCL4563,9.840628487747786,0
7693606,MF,train,R18-83294-,18.673822840661902,1
7693606,MF,train,R18-83294-WCL4483,18.673822840661902,1
6693903,BID,train,R18-83295-1A,20.414738961968666,0
3695271,BID,train,R18-83354-1A,20.371599141480186,0
698053,BID,train,R18-83540-1A,5.0065342670711885,1
8698321,BID,train,R18-83553-1A,13.877246703456793,0
9698371,BID,train,R18-83556-1A,4.266292720366174,0
1691534,BID,train,R18-83562-1A,15.089635411122181,0
6019487,BID,train,R18-83574-1A,12.713671030214295,0
8408008,MF,train,R18-83584-WCL3947-1,18.97173343533719,1
8408008,MF,train,R18-83584-WCL3947-5,18.97173343533719,1
3702081,MF,train,R18-83787-1A-HE,5.575474361407329,1
6702083,BID,train,R18-83788-1A,6.145817005162389,0
8702134,MF,train,R18-83898-1A,18.177015645371068,1
8702134,MF,train,R18-83898-WCL4621,18.177015645371068,1
1704408,BID,train,R18-83969-1A,5.037524304615665,0
1704408,BID,train,R18-83969-2,5.037524304615665,0
4782053,BID,train,R18-84139-1A,18.42132089210064,1
8709991,BID,train,R18-84367-1A,4.600786140012257,1
2709641,BID,train,R18-84370-1A,21.080921304387836,1
2711389,MF,train,R18-84530-WCL4565,21.079408842393587,1
2712199,BID,train,R18-84723-1A,4.789673174121795,0
1713279,BID,train,R19-80047-1A,12.990146294751582,1
1713279,BID,train,R19-80047-2,12.990146294751582,1
1713279,BID,train,R19-80047-3,12.990146294751582,1
1713279,BID,train,R19-80047-4,12.990146294751582,1
9720838,MF,train,R19-80184-WCL4568,20.881590479665057,0
7721663,MF,train,R19-80219-WCL4622,15.605606848098342,0
9724344,MF,train,R19-80400-WCL4623,24.69202340410316,0
6730684,MF,train,R19-80861-1A,15.42601547868843,1
6730684,MF,train,R19-80861-WCL4624,15.42601547868843,1
2731863,BID,train,R19-80947-1A,4.837015767370713,0
5734243,BID,train,R19-81104-1A,20.09723215040361,1
9734867,MF,train,R19-81151-1A,13.3243737879981,0
9734867,MF,train,R19-81151-2,13.3243737879981,0
8736864,MF,train,R19-81299-1A,22.93979647208419,0
7738257,MF,train,R19-81662-1A,7.971026414428073,0
7738257,MF,train,R19-81662-2A,7.971026414428073,0
8742027,BID,train,R19-81667-1A,3.2497801848832193,1
8743269,MF,train,R19-81765-19-HE,13.310534123870777,1
5160119,BID,train,R19-81858-1A,4.238672065000422,1
6745613,MF,train,R19-81931-01-HE,9.494066077849096,0
6745613,MF,train,R19-81931-2,9.494066077849096,0
6745613,MF,train,R19-81931-5-HE,9.494066077849096,0
2941406,BID,train,R19-82047-1A,19.412987343839312,0
3012205,MF,train,R19-82350-1A,12.994072958362974,0
753345,BID,train,R19-82391-1A,24.167796066439923,1
6755774,MF,train,R19-82547-1A-HE,12.51969433917904,1
6755774,MF,train,R19-82547-2A-HE,12.51969433917904,1
2757460,MF,train,R19-82639-1A,17.515656534758424,1
2757460,MF,train,R19-82639-2A,17.515656534758424,1
2297465,BID,train,R19-82802-1A,24.19089586769345,1
9353332,BID,train,R19-83000-1A,3.2673984431759595,0
7045231,MF,train,R19-83320-1A,18.371618295728076,0
774666,BID,train,R19-83714-1A,13.27733328213512,0
774666,BID,train,R19-83714-1B,13.27733328213512,0
776623,MF,train,R19-83855-1A,13.842095010460318,0
2777745,MF,train,R19-83915-1A,14.734374969401692,0
2777745,MF,train,R19-83915-1B,14.734374969401692,0
3779055,BID,train,R19-83994-1A,15.184794256829058,0
7773156,MF,train,R19-84098-1A,23.65325263744328,0
6782270,MF,train,R19-84197-1A,14.508152571743274,0
1785173,MF,train,R19-84395-1A,12.440164839895736,0
6782346,BID,train,R19-84396-2A,15.653187291276293,0
6782346,BID,train,R19-84396-3A,15.653187291276293,0
2785371,MF,train,R19-84412-1A,16.806277761849394,0
5786458,BID,train,R19-84498-1A,15.854914862308206,1
2786618,MF,train,R19-84527-1A,22.82547623080176,1
4141226,MF,train,R19-84548-1A,3.999820367512073,0
3787608,MF,train,R19-84576-1A,9.181190171029067,0
8787988,BID,train,R19-84587-1A,23.90905264968429,0
721316,BID,train,R19-84656-1A,13.615930901117821,0
721316,BID,train,R19-84656-2A,13.615930901117821,0
721316,BID,train,R19-84656-3A,13.615930901117821,0
721316,BID,train,R19-84656-3B,13.615930901117821,0
721316,BID,train,R19-84656-3C,13.615930901117821,0
721316,BID,train,R19-84656-4A,13.615930901117821,0
9789882,MF,train,R19-84753-1A,10.07414049033803,0
6790452,BID,train,R19-84775-1A,15.840434460719186,1
6281153,BID,train,R19-84776-1A,14.573423890942665,0
6281153,BID,train,R19-84776-1B,14.573423890942665,0
8790857,MF,train,R19-84833-1A,15.62175234906968,0
8786241,BID,train,R19-84967-1B,18.359557708434394,1
7353722,MF,train,R19-85066-1A,17.27487579840122,0
6797079,BID,train,R20-80164-1A,15.35654899592604,0
6797079,BID,train,R20-80164-2A,15.35654899592604,0
2092955,MF,train,R20-80178-1A,19.372435743982933,1
7798724,MF,train,R20-80250-1A,17.263367902860644,1
7798724,MF,train,R20-80250-1B,17.263367902860644,1
3801239,BID,train,R20-80461-1A,21.31908220709199,0
3801239,BID,train,R20-80461-2A,21.31908220709199,0
3801239,BID,train,R20-80461-3A,21.31908220709199,0
7807001,MF,train,R20-80782-1A,12.19075307047172,0
9811893,MF,train,R20-81051-WCL4922-35,14.033079589470566,1
9811893,MF,train,R20-81051-WCL4922-42,14.033079589470566,1
2811979,BID,train,R20-81059-1A,22.053405569008984,0
3813293,MF,train,R20-81172-1A,10.07893044088142,1
6813881,BID,train,R20-81225-1A,3.580073438939544,0
818629,MF,train,R20-81600-1A,8.947230690386114,0
9820201,BID,train,R20-81705-1,17.287139908802242,0
9820201,BID,train,R20-81705-1A,17.287139908802242,0
9820201,BID,train,R20-81705-5,17.287139908802242,0
5792013,MF,train,R20-81734-1A,19.907444611911195,0
7825570,MF,train,R20-82071-1A,11.379598845882473,1
1564714,BID,train,R20-82534-1A,24.33811675192127,1
1833227,BID,train,R20-82658-1A,21.52661630898559,1
3834150,BID,train,R20-82727-1A,15.626836690187673,0
3834150,BID,train,R20-82727-2A,15.626836690187673,0
3834150,BID,train,R20-82727-3A,15.626836690187673,0
833500,BID,train,R20-82744-1A,14.040732746817204,1
833500,BID,train,R20-82744-1B,14.040732746817204,1
833500,BID,train,R20-82744-2A,14.040732746817204,1
833500,BID,train,R20-82744-2B,14.040732746817204,1
7834963,MF,train,R20-82842-1B,19.29119986211428,1
2836460,MF,train,R20-82871-1A,18.214639733942047,0
2836460,MF,train,R20-82871-1B,18.214639733942047,0
1816234,BID,train,R20-82911-1A,21.851284595692324,1
1816234,BID,train,R20-82911-2,21.851284595692324,1
6838155,MF,train,R20-82994-1A,15.514772060270376,0
6838155,MF,train,R20-82994-2,15.514772060270376,0
1839170,MF,train,R20-83059-1A,10.897648413262475,0
1839170,MF,train,R20-83059-2,10.897648413262475,0
6840813,MF,train,R20-83187-1A,16.184330175148016,1
6840813,MF,train,R20-83187-2,16.184330175148016,1
3841107,BID,train,R20-83201-1A,8.03014172107618,0
1842121,MF,train,R20-83281-1A,10.954973792214307,1
8842659,MF,train,R20-83293-1A,16.598821290073708,1
9844434,MF,train,R20-83411-HE,10.879579796722492,1
2039054,MF,train,R20-83523-1A,10.801033181546293,1
2039054,MF,train,R20-83523-2,10.801033181546293,1
7845848,BID,train,R20-83524-1A,14.446769419883452,1
8163303,BID,train,R20-83655-1A,19.991004618184064,1
6849255,BID,train,R20-83729-1A,18.095795015735867,0
6849255,BID,train,R20-83729-2,18.095795015735867,0
6104489,MF,train,R20-83910-WCL5036,14.454955589572535,0
3851791,MF,train,R20-83911-1A,11.832925673515753,1
7858589,BID,train,R20-84734-1A,22.286379258483592,1
8864244,BID,train,R21-80218-2,11.876623056672734,0
9489353,BID,train,R21-80260-1A,5.948335025914096,1
6867665,MF,train,R21-80436-1A,9.868635586133017,1
8871944,MF,train,R21-80779-1A,18.566334318785778,0
9875688,BID,train,R21-81057-1A,16.64681012977622,1
7877111,MF,train,R21-81185-HE,16.57103381100753,1
9877117,MF,train,R21-81198-HE,9.071933478133726,0
2878169,BID,train,R21-81248-1A,6.000172462908935,0
9878294,MF,train,R21-81281-HE,15.00914443293179,1
880539,MF,train,R21-81438-2,8.634379001913318,1
8880438,MF,train,R21-81441-1A,19.373190629198838,1
6882932,MF,train,R21-81581-1A,11.629368992194111,1
6876462,BID,train,R21-81583-1A,17.757969781692253,0
6876462,BID,train,R21-81583-2,17.757969781692253,0
1878904,BID,train,R21-81622-1A,10.661620274512607,1
8885938,MF,train,R21-81827-1A,11.972563086255235,1
7888083,MF,train,R21-81976-1A,18.790179898642297,0
7888083,MF,train,R21-81976-1B,18.790179898642297,0
9639252,MF,train,R21-82022-1A,17.076695517810386,1
7827801,BID,train,R21-82184-1A,17.861711618927615,0
7827801,BID,train,R21-82573-1A,17.861711618927615,0
7827801,BID,train,R21-82573-2,17.861711618927615,0
7827801,BID,train,R21-82573-3,17.861711618927615,0
7827801,BID,train,R21-82573-4,17.861711618927615,0
895913,MF,train,R21-82647-1A,13.55876990519065,1
895913,MF,train,R21-82647-1B,13.55876990519065,1
896199,BID,train,R21-82649-1A,19.19915736206181,0
896199,BID,train,R21-82649-2,19.19915736206181,0
1006491,BID,train,R21-82862-1A,13.583677110646574,0
1006491,BID,train,R21-82862-2,13.583677110646574,0
6899285,BID,train,R21-82866-1A,6.476098415755427,0
6899285,BID,train,R21-82866-2,6.476098415755427,0
7899738,MF,train,R21-82924-1A,14.481185233442076,0
3900524,BID,train,R21-82990-050-HE,5.817008457070994,1
9903122,BID,train,R21-83261-1A,6.3418592572704755,1
8127113,BID,train,R21-83378-2,6.0541977982870225,1
9905804,BID,train,R21-83399-1A,17.099244385670723,1
3907477,BID,train,R21-83636-1A,7.001361856781186,0
918845,BID,train,R21-84328-1A,16.667012625528628,0
918845,BID,train,R21-84328-2A,16.667012625528628,0
5919734,BID,train,R21-84435-1A,13.427156085783192,0
1006547,BID,train,R21-84798-1A,12.238653706949227,0
1006547,BID,train,R21-84798-1B,12.238653706949227,0
1360497,BID,train,H15-00322-1A,7.230358413790757,0
6823088,BID,train,H15-01913-1A,3.899109557862535,0
3281242,BID,train,H15-01916-1A,6.71657138758762,0
7777579,BID,train,H15-01926-1A,9.12898745870309,0
9182894,BID,train,H15-01945-1A,6.89423065408843,0
6376445,BID,train,H15-02106-1A,4.951455742655224,0
2747140,BID,train,H15-02252-1A,5.653989164213218,1
361662,BID,train,H15-02264-1A,13.137132896719967,1
8467137,BID,train,H15-02379-1A,7.539341804927435,1
14308,BID,train,H15-02548-1A,11.01393694305766,0
5060907,BID,train,H15-02575-1A,14.075179958806851,1
438058,BID,train,H15-02772-1A,18.188686229846034,1
8144411,BID,train,H15-02788-1A,3.8648670765041766,1
8127126,BID,train,H15-02867-1A,20.587028775998938,0
8410129,BID,train,H15-02900-1A,16.81380856879997,0
5187408,BID,train,H15-02976-1A,16.75887374830806,0
5187408,BID,train,H15-02976-2A,16.75887374830806,0
5187408,BID,train,H15-02976-3A,16.75887374830806,0
7020443,BID,train,H15-03011-1A,4.343715116807003,1
7439042,BID,train,H15-03013-1A,9.091308259238481,1
2426081,BID,train,H15-03014-1A,20.73642815544735,1
4007618,BID,train,H15-03142-1A,19.461713188440484,0
4753257,BID,train,H15-03214-1A,7.059462425840302,0
9213494,BID,train,H15-03394-1A,7.605685113407627,0
7444475,BID,train,H15-03396-1A,11.150386261410404,1
9335591,BID,train,H15-03428-1A,9.285876006062896,0
5401728,BID,train,H15-03504-1A,16.60160497366651,0
8332571,BID,train,H15-03584-1A,11.116100070534992,1
6161765,BID,train,H15-03918-1A,13.175763754929253,1
2442189,BID,train,H15-04057-2A,19.444360638942644,0
3383319,BID,train,H15-04097-1A,3.807030463593154,0
5532766,BID,train,H15-04185-1A,13.623651832514305,0
5532766,BID,train,H15-04185-2A,13.623651832514305,0
1404526,BID,train,H15-04191-1A,22.694550429118387,0
3217965,BID,train,H15-04277-1A,14.256903726544655,0
3016920,BID,train,H15-04423-2A,10.03214046265601,1
3016920,BID,train,H15-04423-3A,10.03214046265601,1
5254086,BID,train,H15-04531-1A,12.843072070116001,1
2700490,BID,train,H15-04569-1A,14.71757986201051,0
265166,BID,train,H15-04608-1A,8.334351079964053,1
9426884,BID,train,H15-04672-1A,8.92335108088638,0
2390266,BID,train,H15-04674-1A,11.300251588301698,0
5455021,BID,train,H15-05300-1A,3.44156635110998,1
1398666,BID,train,H15-05479-1A,8.542945460693069,0
5424523,BID,train,H15-05480-1A,7.651856153923982,0
6309357,BID,train,H15-05627-1A,10.204941747914123,1
9172556,BID,train,H15-05687-1A,14.113183538150608,1
9172556,BID,train,H15-05687-2A,14.113183538150608,1
9991362,BID,train,H15-05927-1A,16.05903397818907,0
6924059,BID,train,H15-06685-1A,14.984490607475662,1
7908,BID,train,H15-06872-1A,20.361767249361442,1
5768686,BID,train,H15-06954-1A,13.96572837643926,0
9335591,BID,train,H15-07025-1A,9.285876006062896,0
432873,BID,train,H15-07152-1A,14.816343920008052,1
9332336,BID,train,H15-07161-1A,15.91050459645934,1
62763,BID,train,H15-07355-1A,19.39966843205526,0
2255417,BID,train,H15-07672-1A,12.496510017052946,0
5348570,BID,train,H15-07725-1A,5.806766661502403,0
7419175,BID,train,H15-07797-1A,9.243069927571938,0
6705660,BID,train,H15-07849-1A,10.987810520769973,1
9293702,BID,train,H15-08010-1A,17.210179309295228,0
8139871,BID,train,H15-08354-1A,15.557122702716061,0
9387992,BID,train,H15-08364-1A,10.834127969752618,1
7171382,BID,train,H15-08388-1A,24.703335473445552,1
7456609,BID,train,H15-08391-1A,16.327046025851516,1
6047244,BID,train,H15-08401-1A,8.218989418191878,0
1288158,BID,train,H15-08433-1A,6.671061828054455,0
1288158,BID,train,H15-08433-2A,6.671061828054455,0
1288158,BID,train,H15-08433-3A,6.671061828054455,0
6904087,BID,train,H15-08478-1A,6.534990211710225,1
380576,BID,train,H15-08679-2A,7.104474529128726,0
5596751,BID,train,H15-09080-1A,9.272093711264636,1
2436073,BID,train,H15-09143-1A,6.8142190964846066,1
9684779,BID,train,H15-09156-1A,22.728839341781352,1
31358,BID,train,H15-09255-1A,4.765142404556128,0
1451945,BID,train,H15-09315-1A,14.539250570545603,1
6924059,BID,train,H15-09316-1A,14.984490607475662,1
7647998,BID,train,H15-09410-1A,24.612329571989342,0
6821130,BID,train,H15-09764-1A,5.464855847697152,0
9224886,BID,train,H15-09784-2A,11.752823179006317,1
6445395,BID,train,H15-10192-1A,24.328349532058116,1
319351,BID,train,H15-10268-1A,22.041156769667566,0
9158230,BID,train,H15-10292-1A,20.97558556088416,0
4196406,BID,train,H15-10606-1A,8.673862194988676,1
5428371,BID,train,H15-14110-1A,6.759526922581448,1
26189,BID,train,H15-14363-1A,17.710150838337483,1
9492817,BID,train,H15-15335-1A,23.446271760806887,1
133553,BID,train,H16-03873-1A,15.248783646306455,0
2264503,BID,train,H16-06145-1A,12.367509614432024,1
2264503,BID,train,H16-06145-2A,12.367509614432024,1
2522308,BID,train,H16-07776-1A,19.928844530222612,0
2122726,BID,train,H16-11037-1A,7.114962468265514,1
8510980,BID,train,H16-13725-1A,10.120943200893361,0
2491138,BID,train,H16-16157-1A,12.359601649561169,1
9403803,BID,train,H17-03022-1A,14.16742833105801,1
972064,BID,train,H17-04045-1A,8.333014113131766,0
8080532,BID,train,H17-04406-3A,10.980025538989198,0
8080532,BID,train,H17-04406-4A,10.980025538989198,0
3028127,BID,train,H17-06204-1A,9.349872171285627,1
8658591,BID,train,H17-08424-1A,11.091610303664961,0
8658591,BID,train,H17-08424-2A,11.091610303664961,0
1111729,BID,train,H17-10694-1A,13.585082240805985,1
1005334,BID,train,H17-11345-1A,14.71696751613489,0
6175621,BID,train,H17-11498-1A,4.1401178100933915,0
2614006,BID,train,H17-11691-1A,10.405294120266252,1
1548675,BID,train,H17-12059-1A,5.957122892657433,0
5356283,BID,train,H17-12230-1A,4.394249350400891,1
2324224,BID,train,H17-12618-1A,24.779125112578797,1
7505827,BID,train,H17-12698-1A,10.091784589443906,1
5356459,BID,train,H17-13018-1A,20.817237808801966,1
2564766,BID,train,H17-13042-1A,8.602094404802806,1
1632402,BID,train,H17-16383-1A,17.993059888926446,0
2222072,BID,train,R15-81434-1A,19.725012917573103,0
6867665,MF,train,H21-01761-1A,9.868635586133017,1
90324,MF,train,H20-04257-1A,16.599741938769746,0
1430275,MF,train,H19-12856-1A,15.590988747590282,0
7763643,MF,train,H19-10639-2A,15.20618646675882,0
1430275,MF,train,H19-01234-1A,15.590988747590282,0
1470415,MF,train,H16-02032-1A,19.983357223842113,0
1470415,MF,train,H15-12193-1A,19.983357223842113,0
7345279,BID,validate,H21-09403-1A,5.734538916681984,1
7897420,BID,validate,H21-09449-1A,19.079084454480174,0
1462887,BID,validate,H21-09620-1A,23.643490050062834,1
6904672,BID,validate,H21-09805-1A,6.987127455644523,0
195030,MF,validate,H21-09823-1A,7.046615556840115,1
2838754,BID,validate,H21-10028-1A,19.3046542843813,0
5910183,BID,validate,H21-10030-1A,15.638408489958062,1
6519509,BID,validate,H21-10789-1A,21.520233088681984,0
5142361,BID,validate,H21-10879-1A,6.074992285778369,0
1220208,BID,validate,H21-10935-1A,20.495880860917584,1
3849644,BID,validate,H21-10947-1A,7.43580104105038,0
7522877,BID,validate,H21-10950-1A,6.600430743045499,1
786119,BID,validate,H21-11129-1A,13.549848116199055,1
7857256,BID,validate,H21-11295-1A,20.920643845090407,0
6409947,BID,validate,H21-11332-1A,17.6343388553164,1
6765622,BID,validate,H21-11482-1A,14.507439344920625,1
1003574,MF,validate,H21-12872-1A,16.918328545968542,0
3903102,MF,validate,H21-13412-1A,22.298411897888382,1
2869110,MF,validate,R21-80552-1A,15.382236231716982,1
6881926,BID,validate,R21-81541-1A,16.81307782845975,0
6881926,BID,validate,R21-81541-2A,16.81307782845975,0
5896236,BID,validate,R21-82652-1A,12.235866366039653,1
5896236,BID,validate,R21-82652-2A,12.235866366039653,1
195030,MF,validate,R21-83678-1B,7.046615556840115,1
7908633,BID,validate,R21-83824-1A,19.447406363877526,1
5913839,BID,validate,R21-84018-1A,11.084263937632262,0
5913839,BID,validate,R21-84018-2A,11.084263937632262,0
9731465,BID,validate,R21-84081-1A,14.427313105317513,0
3920225,MF,validate,R21-84430-1A,11.445606870210652,0
1001334,BID,validate,R21-84559-1A,14.958162944507748,0
1003574,MF,validate,R21-84626-1A,16.918328545968542,0
1004475,MF,validate,R21-84646-1A,16.687418270267564,1
2842209,BID,validate,R21-84708-1A,5.571756895584009,0
1005794,MF,validate,R21-84734-1A,23.676306719496452,0
1006629,BID,validate,R21-84784-1A,16.80957716757119,1
1010129,MF,validate,R21-84986-1A,12.403402851652055,1
9731465,BID,validate,R21-85195-1A,14.427313105317513,0
1010129,MF,validate,H22-00059-1A,12.403402851652055,1
1004475,MF,validate,H22-00283-1A,16.687418270267564,1
1017929,MF,validate,H22-01140-1A,13.533509396065783,0
3231478,BID,validate,H22-01684-1A,22.66563682712107,0
1020015,BID,validate,H22-01897-1A,20.349138646939675,1
2584306,BID,validate,H22-01982-1A,6.3368473541205255,1
5871088,BID,validate,H22-02249-1A,9.85788549150206,1
6869496,BID,validate,H22-02358-1A,8.466761075918246,1
4304321,BID,validate,H22-02359-1A,19.366818436598894,0
902935,BID,validate,H22-02473-1A,3.737713564187146,1
9874489,BID,validate,H22-02528-1A,15.537573067168964,1
102221,BID,validate,H22-02561-1A,19.774091086295194,0
9892313,BID,validate,H22-02723-1A,22.28884400875849,1
9807931,BID,validate,H22-02738-1A,10.525798471749965,0
3820760,BID,validate,H22-02739-1A,21.067660702784284,1
9651968,BID,validate,H22-02838-1A,5.433898213014559,0
1329779,BID,validate,H22-02897-1A,21.6219504181594,0
1033237,BID,validate,H22-03029-1A,5.804750571303613,0
5175739,BID,validate,H22-03060-1A,11.74032039232808,0
7765405,BID,validate,H22-03370-1A,20.54049804715018,1
1400348,BID,validate,H22-03443-1A,6.298183401673024,0
1030832,BID,validate,H22-03574-1A,8.043530695118113,1
9164836,BID,validate,H22-03729-1A,18.88955650464746,0
6904641,BID,validate,H22-03730-1A,18.840803804013635,0
8669287,BID,validate,H22-03798-1A,14.441653704309703,0
9149937,BID,validate,H22-03995-1A,18.2668657782762,1
4015949,BID,validate,H22-04127-1A,14.939937753647115,0
442435,BID,validate,H22-04335-1A,8.539579295952962,1
3521313,BID,validate,H22-04408-1A,10.605311857086228,1
1034947,MF,validate,H22-04743-1A,6.9951497696313645,1
1039792,BID,validate,H22-04746-1A,20.641814867647298,1
1043605,MF,validate,H22-05503-1A,12.762107031790578,1
1043605,MF,validate,H22-05503-2A,12.762107031790578,1
1048413,MF,validate,H22-05988-1A,8.714498610554477,1
1049819,MF,validate,H22-06285-1A,15.408987008750145,1
1010129,MF,validate,H22-06817-1A,12.403402851652055,1
1060319,MF,validate,H22-07604-1A,20.020301644348777,0
1053679,MF,validate,H22-07610-1A,14.129550935458251,0
1507169,MF,validate,H22-08346-2A,10.343696183285587,0
1068428,MF,validate,H22-09432-1A,10.171825813647763,0
1068298,MF,validate,H22-09758-1A,13.331204249658368,0
1039792,BID,validate,H22-10028-1A,20.641814867647298,1
1039792,BID,validate,H22-10028-2A,20.641814867647298,1
1077790,MF,validate,H22-10868-1A,11.065205408974858,1
1082076,MF,validate,H22-11446-1A,16.934642225187957,1
1116105,MF,validate,H22-11447-1A,15.628015193767894,1
1093978,MF,validate,H22-12986-1A,6.679138907504857,1
1015383,MF,validate,R22-80038-1A,16.013037472046356,0
1015383,MF,validate,R22-80038-2A,16.013037472046356,0
1017929,MF,validate,R22-80154-1A,13.533509396065783,0
7580845,BID,validate,R22-80219-1A,16.906011594399764,1
7580845,BID,validate,R22-80219-1B,16.906011594399764,1
7580845,BID,validate,R22-80219-2A,16.906011594399764,1
7580845,BID,validate,R22-80219-3A,16.906011594399764,1
7580845,BID,validate,R22-80219-3B,16.906011594399764,1
1022286,BID,validate,R22-80410-1A,24.66650637717136,0
1022234,MF,validate,R22-80416-2A,21.45575790181055,1
1022817,MF,validate,R22-80503-1A,14.50055020202703,1
1022817,MF,validate,H22-01898-1A,14.50055020202703,1
1029037,BID,validate,R22-80775-1A,18.276078611070204,0
1029037,BID,validate,R22-80775-1B,18.276078611070204,0
1035687,BID,validate,R22-81113-1A,16.00805958638844,0
8669287,BID,validate,R22-81148-1A,14.441653704309703,0
1507169,MF,validate,R22-81314-1A,10.343696183285587,0
1507169,MF,validate,R22-81314-1B,10.343696183285587,0
1038471,BID,validate,R22-81316-1A,11.882340187628758,0
1038471,BID,validate,R22-81316-2A,11.882340187628758,0
1041297,MF,validate,R22-81466-1A,10.336981777205171,0
1041683,MF,validate,R22-81491-1A,13.291207261817528,1
1041683,MF,validate,R22-81491-2A,13.291207261817528,1
1769216,BID,validate,R22-81560-1A,23.23682356108073,0
9300734,MF,validate,R22-81564-1A,10.619611876051147,1
1043605,MF,validate,R22-81572-1A,12.762107031790578,1
7084371,BID,validate,R22-81721-1A,19.225027458414463,0
6568560,MF,validate,R22-81928-1A,12.948794699575757,0
1049598,MF,validate,R22-81957-1A,7.941306104679603,0
1051082,MF,validate,R22-81980-1A,12.953669354919255,1
1048413,MF,validate,R22-82093-1A,8.714498610554477,1
1048413,MF,validate,R22-82093-2A,8.714498610554477,1
1054967,BID,validate,R22-82148-1C,16.435686904288936,1
1054967,BID,validate,R22-82148-1A,16.435686904288936,1
1054967,BID,validate,R22-82148-1B,16.435686904288936,1
1055134,MF,validate,R22-82163-1A,13.372804743341444,0
1055134,MF,validate,R22-82163-1B,13.372804743341444,0
1049819,MF,validate,R22-82217-1A,15.408987008750145,1
1049819,MF,validate,R22-82217-2B,15.408987008750145,1
1049819,MF,validate,R22-82217-2A,15.408987008750145,1
1058730,BID,validate,R22-82383-1B,6.916791271134532,0
1060319,MF,validate,R22-82480-1A,20.020301644348777,0
887936,BID,validate,R22-82630-2A,6.2705800105684855,0
1062365,MF,validate,R22-82634-1A,8.499711709862343,1
1062365,MF,validate,R22-82634-2A,8.499711709862343,1
1064946,BID,validate,R22-82776-2A,18.359331382979715,0
1064946,BID,validate,R22-82776-2B,18.359331382979715,0
1064946,BID,validate,R22-82776-1A,18.359331382979715,0
1068298,MF,validate,R22-82948-1A,13.331204249658368,0
1068428,MF,validate,R22-82981-1A,10.171825813647763,0
1068428,MF,validate,R22-82981-2A,10.171825813647763,0
1068993,MF,validate,R22-83014-1B,15.13513322914993,0
1068993,MF,validate,R22-83014-1A,15.13513322914993,0
6343793,BID,validate,R22-83496-1A,7.195129854600665,0
1077790,MF,validate,R22-83510-1A,11.065205408974858,1
7879418,MF,validate,R22-83615-1A,14.405988862098773,0
7879418,MF,validate,R22-83615-1B,14.405988862098773,0
1082046,BID,validate,R22-83683-1A,4.445590067423752,0
1083240,MF,validate,R22-83717-1A,20.06160756729023,0
1082076,MF,validate,R22-83733-1A,16.934642225187957,1
1082076,MF,validate,R22-83733-2A,16.934642225187957,1
1116105,MF,validate,R22-83833-1A,15.628015193767894,1
1080515,BID,validate,R22-84148-1A,13.564437314018981,0
1080515,BID,validate,R22-84148-2A,13.564437314018981,0
1093063,MF,validate,R22-84240-1A,6.415285410475676,1
1093978,BID,validate,R22-84348-1A,6.679138907504857,1
1096068,MF,validate,R22-84414-2A,22.88691191461865,1
1096068,MF,validate,R22-84414-1A,22.88691191461865,1
1101271,MF,validate,R22-84643-1A,8.824081050105375,0
1102516,MF,validate,R22-84731-1A,13.226354765590756,0
1104156,MF,validate,R22-84825-1A,17.16798995125835,1
1103699,MF,validate,R22-84830-1A,6.382254474587448,1
1103699,MF,validate,R22-84834-1A,6.382254474587448,1
1101271,MF,validate,H23-00061-1A,8.824081050105375,0
1107084,MF,validate,H23-00306-1A,18.820630767733626,1
1102516,MF,validate,H23-00635-1A,13.226354765590756,0
1103699,MF,validate,H23-00643-1A,6.382254474587448,1
8634686,MF,validate,H23-00663-1A,7.883387562524888,1
1136845,MF,validate,H23-04605-1A,15.361211584315509,0
2869110,MF,validate,H23-04608-1A,15.382236231716982,1
1136796,MF,validate,H23-04817-1A,12.208695094420857,1
1142534,MF,validate,H23-07798-1A,7.905185270506948,1
5654373,MF,validate,H23-09347-1A,14.6527347068493,1
1186125,MF,validate,H23-09666-1A,11.422568093400328,0
8856540,MF,validate,H23-09708-1A,13.128907235422261,1
1178252,MF,validate,H23-10498-1A,8.240021183027984,1
1196713,MF,validate,H23-10964-1A,5.1877106407055935,1
1199616,MF,validate,H23-12427-1A,8.349788201987991,0
1107084,MF,validate,R23-80063-1A,18.820630767733626,1
1121231,BID,validate,R23-80558-1A,21.825322298338286,0
9820430,BID,validate,R23-80564-1A,21.264837020473816,0
1121810,BID,validate,R23-80580-1A,11.040204746364243,1
1121810,BID,validate,R23-80580-2A,11.040204746364243,1
1121810,BID,validate,R23-80580-2B,11.040204746364243,1
1121810,BID,validate,R23-80580-3A,11.040204746364243,1
1121810,BID,validate,R23-80580-3B,11.040204746364243,1
1121810,BID,validate,R23-80580-4A,11.040204746364243,1
1121810,BID,validate,R23-80580-4B,11.040204746364243,1
1122851,MF,validate,R23-80610-1A,7.573497613212601,1
1124152,BID,validate,R23-80713-1A,8.800734132844267,0
1124152,BID,validate,R23-80713-1B,8.800734132844267,0
1124152,BID,validate,R23-80713-1C,8.800734132844267,0
1125897,MF,validate,R23-80735-1A,12.271340113034954,0
1136845,MF,validate,R23-81241-1A,15.361211584315509,0
1136796,MF,validate,R23-81245-1A,12.208695094420857,1
1142534,MF,validate,R23-81465-1A,7.905185270506948,1
5654373,MF,validate,R23-83281-2A,14.6527347068493,1
1186125,MF,validate,R23-83334-1A,11.422568093400328,0
1186125,MF,validate,R23-83334-2A,11.422568093400328,0
8856540,MF,validate,R23-83421-1A,13.128907235422261,1
2869110,MF,validate,H21-02056-1A,15.382236231716982,1
